Date,Player,Market,Prob
2026-03-28,Ben Williamson,HR,0.0107
2026-03-28,Ben Williamson,Hit,0.6441
2026-03-28,Ben Williamson,TB,0.3114
2026-03-28,Ben Williamson,Run,0.4125
2026-03-28,Ben Williamson,RBI,0.2509
2026-03-28,Carson Williams,HR,0.1332
2026-03-28,Carson Williams,Hit,0.446
2026-03-28,Carson Williams,TB,0.2527
2026-03-28,Carson Williams,Run,0.3839
2026-03-28,Carson Williams,RBI,0.3283
2026-03-28,Cedric Mullins,HR,0.0981
2026-03-28,Cedric Mullins,Hit,0.5158
2026-03-28,Cedric Mullins,TB,0.2841
2026-03-28,Cedric Mullins,Run,0.4199
2026-03-28,Cedric Mullins,RBI,0.3583
2026-03-28,Chandler Simpson,HR,0.0
2026-03-28,Chandler Simpson,Hit,0.6783
2026-03-28,Chandler Simpson,TB,0.3218
2026-03-28,Chandler Simpson,Run,0.3764
2026-03-28,Chandler Simpson,RBI,0.1976
2026-03-28,Hunter Feduccia,HR,0.0
2026-03-28,Hunter Feduccia,Hit,0.3631
2026-03-28,Hunter Feduccia,TB,0.1739
2026-03-28,Hunter Feduccia,Run,0.1722
2026-03-28,Hunter Feduccia,RBI,0.2369
2026-03-28,Jake Fraley,HR,0.0768
2026-03-28,Jake Fraley,Hit,0.5493
2026-03-28,Jake Fraley,TB,0.2717
2026-03-28,Jake Fraley,Run,0.4535
2026-03-28,Jake Fraley,RBI,0.3085
2026-03-28,Jonathan Aranda,HR,0.0876
2026-03-28,Jonathan Aranda,Hit,0.6423
2026-03-28,Jonathan Aranda,TB,0.3489
2026-03-28,Jonathan Aranda,Run,0.4339
2026-03-28,Jonathan Aranda,RBI,0.3748
2026-03-28,Jonny DeLuca,HR,0.0
2026-03-28,Jonny DeLuca,Hit,0.7027
2026-03-28,Jonny DeLuca,TB,0.3724
2026-03-28,Jonny DeLuca,Run,0.2519
2026-03-28,Jonny DeLuca,RBI,0.2015
2026-03-28,Junior Caminero,HR,0.1675
2026-03-28,Junior Caminero,Hit,0.554
2026-03-28,Junior Caminero,TB,0.3192
2026-03-28,Junior Caminero,Run,0.4394
2026-03-28,Junior Caminero,RBI,0.4124
2026-03-28,Alec Burleson,HR,0.0839
2026-03-28,Alec Burleson,Hit,0.616
2026-03-28,Alec Burleson,TB,0.3338
2026-03-28,Alec Burleson,Run,0.3523
2026-03-28,Alec Burleson,RBI,0.3433
2026-03-28,Iván Herrera,HR,0.1078
2026-03-28,Iván Herrera,Hit,0.5676
2026-03-28,Iván Herrera,TB,0.2799
2026-03-28,Iván Herrera,Run,0.4097
2026-03-28,Iván Herrera,RBI,0.3754
2026-03-28,JJ Wetherholt,HR,0.0712
2026-03-28,JJ Wetherholt,Hit,0.5275
2026-03-28,JJ Wetherholt,TB,0.2629
2026-03-28,JJ Wetherholt,Run,0.3228
2026-03-28,JJ Wetherholt,RBI,0.1562
2026-03-28,Jordan Walker,HR,0.038
2026-03-28,Jordan Walker,Hit,0.4691
2026-03-28,Jordan Walker,TB,0.1975
2026-03-28,Jordan Walker,Run,0.3193
2026-03-28,Jordan Walker,RBI,0.2717
2026-03-28,José Fermín,HR,0.0363
2026-03-28,José Fermín,Hit,0.5523
2026-03-28,José Fermín,TB,0.2964
2026-03-28,José Fermín,Run,0.2375
2026-03-28,José Fermín,RBI,0.3346
2026-03-28,Masyn Winn,HR,0.0413
2026-03-28,Masyn Winn,Hit,0.5261
2026-03-28,Masyn Winn,TB,0.2505
2026-03-28,Masyn Winn,Run,0.3732
2026-03-28,Masyn Winn,RBI,0.255
2026-03-28,Nathan Church,HR,0.0371
2026-03-28,Nathan Church,Hit,0.3711
2026-03-28,Nathan Church,TB,0.117
2026-03-28,Nathan Church,Run,0.3737
2026-03-28,Nathan Church,RBI,0.3002
2026-03-28,Nolan Gorman,HR,0.0757
2026-03-28,Nolan Gorman,Hit,0.4028
2026-03-28,Nolan Gorman,TB,0.1977
2026-03-28,Nolan Gorman,Run,0.3618
2026-03-28,Nolan Gorman,RBI,0.2714
2026-03-28,Pedro Pagés,HR,0.0588
2026-03-28,Pedro Pagés,Hit,0.4614
2026-03-28,Pedro Pagés,TB,0.2028
2026-03-28,Pedro Pagés,Run,0.2806
2026-03-28,Pedro Pagés,RBI,0.2713
2026-03-28,Andrés Chaparro,HR,0.0286
2026-03-28,Andrés Chaparro,Hit,0.3455
2026-03-28,Andrés Chaparro,TB,0.1214
2026-03-28,Andrés Chaparro,Run,0.1751
2026-03-28,Andrés Chaparro,RBI,0.153
2026-03-28,Brady House,HR,0.0264
2026-03-28,Brady House,Hit,0.4243
2026-03-28,Brady House,TB,0.1626
2026-03-28,Brady House,Run,0.2398
2026-03-28,Brady House,RBI,0.2209
2026-03-28,CJ Abrams,HR,0.0555
2026-03-28,CJ Abrams,Hit,0.4294
2026-03-28,CJ Abrams,TB,0.2185
2026-03-28,CJ Abrams,Run,0.3573
2026-03-28,CJ Abrams,RBI,0.1885
2026-03-28,Daylen Lile,HR,0.0455
2026-03-28,Daylen Lile,Hit,0.4886
2026-03-28,Daylen Lile,TB,0.2397
2026-03-28,Daylen Lile,Run,0.3462
2026-03-28,Daylen Lile,RBI,0.2345
2026-03-28,Drew Millas,HR,0.0
2026-03-28,Drew Millas,Hit,0.481
2026-03-28,Drew Millas,TB,0.2491
2026-03-28,Drew Millas,Run,0.2541
2026-03-28,Drew Millas,RBI,0.2537
2026-03-28,Jacob Young,HR,0.0097
2026-03-28,Jacob Young,Hit,0.3786
2026-03-28,Jacob Young,TB,0.1206
2026-03-28,Jacob Young,Run,0.2417
2026-03-28,Jacob Young,RBI,0.1712
2026-03-28,James Wood,HR,0.0675
2026-03-28,James Wood,Hit,0.3665
2026-03-28,James Wood,TB,0.186
2026-03-28,James Wood,Run,0.3304
2026-03-28,James Wood,RBI,0.2351
2026-03-28,Joey Wiemer,HR,0.0744
2026-03-28,Joey Wiemer,Hit,0.3487
2026-03-28,Joey Wiemer,TB,0.1562
2026-03-28,Joey Wiemer,Run,0.2605
2026-03-28,Joey Wiemer,RBI,0.3241
2026-03-28,Jorbit Vivas,HR,0.0249
2026-03-28,Jorbit Vivas,Hit,0.2382
2026-03-28,Jorbit Vivas,TB,0.0908
2026-03-28,Jorbit Vivas,Run,0.2345
2026-03-28,Jorbit Vivas,RBI,0.1384
2026-03-28,Alex Bregman,HR,0.1877
2026-03-28,Alex Bregman,Hit,0.8327
2026-03-28,Alex Bregman,TB,0.5962
2026-03-28,Alex Bregman,Run,0.6235
2026-03-28,Alex Bregman,RBI,0.5686
2026-03-28,Carson Kelly,HR,0.1978
2026-03-28,Carson Kelly,Hit,0.7743
2026-03-28,Carson Kelly,TB,0.5061
2026-03-28,Carson Kelly,Run,0.5633
2026-03-28,Carson Kelly,RBI,0.5222
2026-03-28,Dansby Swanson,HR,0.1758
2026-03-28,Dansby Swanson,Hit,0.7791
2026-03-28,Dansby Swanson,TB,0.5093
2026-03-28,Dansby Swanson,Run,0.5938
2026-03-28,Dansby Swanson,RBI,0.5109
2026-03-28,Dylan Carlson,HR,0.1255
2026-03-28,Dylan Carlson,Hit,0.6958
2026-03-28,Dylan Carlson,TB,0.4268
2026-03-28,Dylan Carlson,Run,0.389
2026-03-28,Dylan Carlson,RBI,0.3932
2026-03-28,Ian Happ,HR,0.1711
2026-03-28,Ian Happ,Hit,0.7415
2026-03-28,Ian Happ,TB,0.4893
2026-03-28,Ian Happ,Run,0.5743
2026-03-28,Ian Happ,RBI,0.5094
2026-03-28,Matt Shaw,HR,0.1398
2026-03-28,Matt Shaw,Hit,0.7239
2026-03-28,Matt Shaw,TB,0.4744
2026-03-28,Matt Shaw,Run,0.5614
2026-03-28,Matt Shaw,RBI,0.4435
2026-03-28,Michael Busch,HR,0.2386
2026-03-28,Michael Busch,Hit,0.7524
2026-03-28,Michael Busch,TB,0.5165
2026-03-28,Michael Busch,Run,0.5703
2026-03-28,Michael Busch,RBI,0.5662
2026-03-28,Michael Conforto,HR,0.1038
2026-03-28,Michael Conforto,Hit,0.6303
2026-03-28,Michael Conforto,TB,0.361
2026-03-28,Michael Conforto,Run,0.4698
2026-03-28,Michael Conforto,RBI,0.3097
2026-03-28,Miguel Amaya,HR,0.162
2026-03-28,Miguel Amaya,Hit,0.7867
2026-03-28,Miguel Amaya,TB,0.5643
2026-03-28,Miguel Amaya,Run,0.5552
2026-03-28,Miguel Amaya,RBI,0.756
2026-03-28,Andy Ibáñez,HR,0.0769
2026-03-28,Andy Ibáñez,Hit,0.6049
2026-03-28,Andy Ibáñez,TB,0.3166
2026-03-28,Andy Ibáñez,Run,0.4444
2026-03-28,Andy Ibáñez,RBI,0.3578
2026-03-28,Austin Wynns,HR,0.1707
2026-03-28,Austin Wynns,Hit,0.6697
2026-03-28,Austin Wynns,TB,0.4398
2026-03-28,Austin Wynns,Run,0.452
2026-03-28,Austin Wynns,RBI,0.523
2026-03-28,Brent Rooker,HR,0.1484
2026-03-28,Brent Rooker,Hit,0.6105
2026-03-28,Brent Rooker,TB,0.3772
2026-03-28,Brent Rooker,Run,0.4776
2026-03-28,Brent Rooker,RBI,0.388
2026-03-28,Carlos Cortes,HR,0.1362
2026-03-28,Carlos Cortes,Hit,0.6877
2026-03-28,Carlos Cortes,TB,0.4581
2026-03-28,Carlos Cortes,Run,0.4073
2026-03-28,Carlos Cortes,RBI,0.4092
2026-03-28,Darell Hernaiz,HR,0.0331
2026-03-28,Darell Hernaiz,Hit,0.5346
2026-03-28,Darell Hernaiz,TB,0.22
2026-03-28,Darell Hernaiz,Run,0.2944
2026-03-28,Darell Hernaiz,RBI,0.2534
2026-03-28,Denzel Clarke,HR,0.0617
2026-03-28,Denzel Clarke,Hit,0.5421
2026-03-28,Denzel Clarke,TB,0.2953
2026-03-28,Denzel Clarke,Run,0.3559
2026-03-28,Denzel Clarke,RBI,0.155
2026-03-28,Jacob Wilson,HR,0.0762
2026-03-28,Jacob Wilson,Hit,0.6689
2026-03-28,Jacob Wilson,TB,0.3558
2026-03-28,Jacob Wilson,Run,0.379
2026-03-28,Jacob Wilson,RBI,0.3408
2026-03-28,Jeff McNeil,HR,0.0867
2026-03-28,Jeff McNeil,Hit,0.5232
2026-03-28,Jeff McNeil,TB,0.2857
2026-03-28,Jeff McNeil,Run,0.3301
2026-03-28,Jeff McNeil,RBI,0.3215
2026-03-28,Lawrence Butler,HR,0.0948
2026-03-28,Lawrence Butler,Hit,0.5104
2026-03-28,Lawrence Butler,TB,0.2756
2026-03-28,Lawrence Butler,Run,0.4118
2026-03-28,Lawrence Butler,RBI,0.27
2026-03-28,Addison Barger,HR,0.2107
2026-03-28,Addison Barger,Hit,0.7475
2026-03-28,Addison Barger,TB,0.5379
2026-03-28,Addison Barger,Run,0.5597
2026-03-28,Addison Barger,RBI,0.5839
2026-03-28,Alejandro Kirk,HR,0.1643
2026-03-28,Alejandro Kirk,Hit,0.8039
2026-03-28,Alejandro Kirk,TB,0.5202
2026-03-28,Alejandro Kirk,Run,0.4722
2026-03-28,Alejandro Kirk,RBI,0.5913
2026-03-28,Andrés Giménez,HR,0.1016
2026-03-28,Andrés Giménez,Hit,0.6723
2026-03-28,Andrés Giménez,TB,0.372
2026-03-28,Andrés Giménez,Run,0.4751
2026-03-28,Andrés Giménez,RBI,0.4113
2026-03-28,Daulton Varsho,HR,0.3251
2026-03-28,Daulton Varsho,Hit,0.7158
2026-03-28,Daulton Varsho,TB,0.5432
2026-03-28,Daulton Varsho,Run,0.6506
2026-03-28,Daulton Varsho,RBI,0.6867
2026-03-28,Davis Schneider,HR,0.2225
2026-03-28,Davis Schneider,Hit,0.6618
2026-03-28,Davis Schneider,TB,0.3969
2026-03-28,Davis Schneider,Run,0.5932
2026-03-28,Davis Schneider,RBI,0.5188
2026-03-28,Ernie Clement,HR,0.0816
2026-03-28,Ernie Clement,Hit,0.7851
2026-03-28,Ernie Clement,TB,0.5029
2026-03-28,Ernie Clement,Run,0.5494
2026-03-28,Ernie Clement,RBI,0.3606
2026-03-28,George Springer,HR,0.2446
2026-03-28,George Springer,Hit,0.7871
2026-03-28,George Springer,TB,0.5402
2026-03-28,George Springer,Run,0.6673
2026-03-28,George Springer,RBI,0.5372
2026-03-28,Jesús Sánchez,HR,0.1344
2026-03-28,Jesús Sánchez,Hit,0.6834
2026-03-28,Jesús Sánchez,TB,0.4185
2026-03-28,Jesús Sánchez,Run,0.4932
2026-03-28,Jesús Sánchez,RBI,0.3812
2026-03-28,Kazuma Okamoto,HR,0.1351
2026-03-28,Kazuma Okamoto,Hit,0.6809
2026-03-28,Kazuma Okamoto,TB,0.414
2026-03-28,Kazuma Okamoto,Run,0.4217
2026-03-28,Kazuma Okamoto,RBI,0.2437
2026-03-28,Austin Martin,HR,0.0237
2026-03-28,Austin Martin,Hit,0.7266
2026-03-28,Austin Martin,TB,0.4195
2026-03-28,Austin Martin,Run,0.4576
2026-03-28,Austin Martin,RBI,0.1662
2026-03-28,Brooks Lee,HR,0.121
2026-03-28,Brooks Lee,Hit,0.6596
2026-03-28,Brooks Lee,TB,0.3623
2026-03-28,Brooks Lee,Run,0.4126
2026-03-28,Brooks Lee,RBI,0.4326
2026-03-28,Byron Buxton,HR,0.2351
2026-03-28,Byron Buxton,Hit,0.6698
2026-03-28,Byron Buxton,TB,0.4683
2026-03-28,Byron Buxton,Run,0.6198
2026-03-28,Byron Buxton,RBI,0.4918
2026-03-28,James Outman,HR,0.1459
2026-03-28,James Outman,Hit,0.4175
2026-03-28,James Outman,TB,0.2982
2026-03-28,James Outman,Run,0.4728
2026-03-28,James Outman,RBI,0.2676
2026-03-28,Josh Bell,HR,0.1525
2026-03-28,Josh Bell,Hit,0.6152
2026-03-28,Josh Bell,TB,0.3428
2026-03-28,Josh Bell,Run,0.4389
2026-03-28,Josh Bell,RBI,0.3973
2026-03-28,Kody Clemens,HR,0.1829
2026-03-28,Kody Clemens,Hit,0.5729
2026-03-28,Kody Clemens,TB,0.3599
2026-03-28,Kody Clemens,Run,0.4727
2026-03-28,Kody Clemens,RBI,0.4454
2026-03-28,Luke Keaschall,HR,0.0748
2026-03-28,Luke Keaschall,Hit,0.709
2026-03-28,Luke Keaschall,TB,0.426
2026-03-28,Luke Keaschall,Run,0.4444
2026-03-28,Luke Keaschall,RBI,0.4412
2026-03-28,Matt Wallner,HR,0.1847
2026-03-28,Matt Wallner,Hit,0.5047
2026-03-28,Matt Wallner,TB,0.3438
2026-03-28,Matt Wallner,Run,0.458
2026-03-28,Matt Wallner,RBI,0.3215
2026-03-28,Royce Lewis,HR,0.1146
2026-03-28,Royce Lewis,Hit,0.6045
2026-03-28,Royce Lewis,TB,0.3305
2026-03-28,Royce Lewis,Run,0.361
2026-03-28,Royce Lewis,RBI,0.3997
2026-03-28,Adley Rutschman,HR,0.0994
2026-03-28,Adley Rutschman,Hit,0.6205
2026-03-28,Adley Rutschman,TB,0.355
2026-03-28,Adley Rutschman,Run,0.4186
2026-03-28,Adley Rutschman,RBI,0.3104
2026-03-28,Blaze Alexander,HR,0.1078
2026-03-28,Blaze Alexander,Hit,0.6129
2026-03-28,Blaze Alexander,TB,0.3551
2026-03-28,Blaze Alexander,Run,0.4572
2026-03-28,Blaze Alexander,RBI,0.3799
2026-03-28,Coby Mayo,HR,0.1399
2026-03-28,Coby Mayo,Hit,0.5922
2026-03-28,Coby Mayo,TB,0.3399
2026-03-28,Coby Mayo,Run,0.4228
2026-03-28,Coby Mayo,RBI,0.3418
2026-03-28,Colton Cowser,HR,0.1635
2026-03-28,Colton Cowser,Hit,0.5455
2026-03-28,Colton Cowser,TB,0.3318
2026-03-28,Colton Cowser,Run,0.4213
2026-03-28,Colton Cowser,RBI,0.3737
2026-03-28,Dylan Beavers,HR,0.111
2026-03-28,Dylan Beavers,Hit,0.5532
2026-03-28,Dylan Beavers,TB,0.3126
2026-03-28,Dylan Beavers,Run,0.458
2026-03-28,Dylan Beavers,RBI,0.3479
2026-03-28,Gunnar Henderson,HR,0.0957
2026-03-28,Gunnar Henderson,Hit,0.6614
2026-03-28,Gunnar Henderson,TB,0.3834
2026-03-28,Gunnar Henderson,Run,0.4643
2026-03-28,Gunnar Henderson,RBI,0.3584
2026-03-28,Jeremiah Jackson,HR,0.0952
2026-03-28,Jeremiah Jackson,Hit,0.6785
2026-03-28,Jeremiah Jackson,TB,0.4015
2026-03-28,Jeremiah Jackson,Run,0.4023
2026-03-28,Jeremiah Jackson,RBI,0.3669
2026-03-28,Leody Taveras,HR,0.0612
2026-03-28,Leody Taveras,Hit,0.5531
2026-03-28,Leody Taveras,TB,0.2688
2026-03-28,Leody Taveras,Run,0.2765
2026-03-28,Leody Taveras,RBI,0.3088
2026-03-28,Pete Alonso,HR,0.1712
2026-03-28,Pete Alonso,Hit,0.6292
2026-03-28,Pete Alonso,TB,0.3981
2026-03-28,Pete Alonso,Run,0.459
2026-03-28,Pete Alonso,RBI,0.5087
2026-03-28,Andrew McCutchen,HR,0.1317
2026-03-28,Andrew McCutchen,Hit,0.7835
2026-03-28,Andrew McCutchen,TB,0.5101
2026-03-28,Andrew McCutchen,Run,0.4957
2026-03-28,Andrew McCutchen,RBI,0.5002
2026-03-28,Brandon Nimmo,HR,0.1944
2026-03-28,Brandon Nimmo,Hit,0.8145
2026-03-28,Brandon Nimmo,TB,0.5603
2026-03-28,Brandon Nimmo,Run,0.6058
2026-03-28,Brandon Nimmo,RBI,0.5979
2026-03-28,Corey Seager,HR,0.2388
2026-03-28,Corey Seager,Hit,0.8056
2026-03-28,Corey Seager,TB,0.5677
2026-03-28,Corey Seager,Run,0.6387
2026-03-28,Corey Seager,RBI,0.5094
2026-03-28,Danny Jansen,HR,0.1942
2026-03-28,Danny Jansen,Hit,0.6947
2026-03-28,Danny Jansen,TB,0.4341
2026-03-28,Danny Jansen,Run,0.5406
2026-03-28,Danny Jansen,RBI,0.4685
2026-03-28,Evan Carter,HR,0.1107
2026-03-28,Evan Carter,Hit,0.778
2026-03-28,Evan Carter,TB,0.5056
2026-03-28,Evan Carter,Run,0.5995
2026-03-28,Evan Carter,RBI,0.5063
2026-03-28,Ezequiel Duran,HR,0.0
2026-03-28,Ezequiel Duran,Hit,0.7552
2026-03-28,Ezequiel Duran,TB,0.4721
2026-03-28,Ezequiel Duran,Run,0.3483
2026-03-28,Ezequiel Duran,RBI,0.3142
2026-03-28,Jake Burger,HR,0.1924
2026-03-28,Jake Burger,Hit,0.755
2026-03-28,Jake Burger,TB,0.4935
2026-03-28,Jake Burger,Run,0.5391
2026-03-28,Jake Burger,RBI,0.5558
2026-03-28,Joc Pederson,HR,0.1385
2026-03-28,Joc Pederson,Hit,0.595
2026-03-28,Joc Pederson,TB,0.3515
2026-03-28,Joc Pederson,Run,0.4274
2026-03-28,Joc Pederson,RBI,0.3679
2026-03-28,Josh Jung,HR,0.1291
2026-03-28,Josh Jung,Hit,0.7718
2026-03-28,Josh Jung,TB,0.4895
2026-03-28,Josh Jung,Run,0.4729
2026-03-28,Josh Jung,RBI,0.4912
2026-03-28,Adolis García,HR,0.0707
2026-03-28,Adolis García,Hit,0.4021
2026-03-28,Adolis García,TB,0.2043
2026-03-28,Adolis García,Run,0.2957
2026-03-28,Adolis García,RBI,0.2739
2026-03-28,Alec Bohm,HR,0.0441
2026-03-28,Alec Bohm,Hit,0.4813
2026-03-28,Alec Bohm,TB,0.2015
2026-03-28,Alec Bohm,Run,0.2755
2026-03-28,Alec Bohm,RBI,0.2399
2026-03-28,Brandon Marsh,HR,0.0457
2026-03-28,Brandon Marsh,Hit,0.44
2026-03-28,Brandon Marsh,TB,0.2116
2026-03-28,Brandon Marsh,Run,0.3474
2026-03-28,Brandon Marsh,RBI,0.1945
2026-03-28,Bryce Harper,HR,0.0764
2026-03-28,Bryce Harper,Hit,0.3833
2026-03-28,Bryce Harper,TB,0.2055
2026-03-28,Bryce Harper,Run,0.3475
2026-03-28,Bryce Harper,RBI,0.2318
2026-03-28,Bryson Stott,HR,0.0432
2026-03-28,Bryson Stott,Hit,0.409
2026-03-28,Bryson Stott,TB,0.1702
2026-03-28,Bryson Stott,Run,0.3138
2026-03-28,Bryson Stott,RBI,0.2242
2026-03-28,Dylan Moore,HR,0.0757
2026-03-28,Dylan Moore,Hit,0.3133
2026-03-28,Dylan Moore,TB,0.1336
2026-03-28,Dylan Moore,Run,0.3579
2026-03-28,Dylan Moore,RBI,0.1796
2026-03-28,Edmundo Sosa,HR,0.0647
2026-03-28,Edmundo Sosa,Hit,0.4115
2026-03-28,Edmundo Sosa,TB,0.1928
2026-03-28,Edmundo Sosa,Run,0.2695
2026-03-28,Edmundo Sosa,RBI,0.2502
2026-03-28,J.T. Realmuto,HR,0.0345
2026-03-28,J.T. Realmuto,Hit,0.3838
2026-03-28,J.T. Realmuto,TB,0.1557
2026-03-28,J.T. Realmuto,Run,0.2451
2026-03-28,J.T. Realmuto,RBI,0.1669
2026-03-28,Justin Crawford,HR,0.0254
2026-03-28,Justin Crawford,Hit,0.3751
2026-03-28,Justin Crawford,TB,0.1316
2026-03-28,Justin Crawford,Run,0.26
2026-03-28,Justin Crawford,RBI,0.1541
2026-03-28,Andruw Monasterio,HR,0.0694
2026-03-28,Andruw Monasterio,Hit,0.585
2026-03-28,Andruw Monasterio,TB,0.3245
2026-03-28,Andruw Monasterio,Run,0.4239
2026-03-28,Andruw Monasterio,RBI,0.3134
2026-03-28,Caleb Durbin,HR,0.0503
2026-03-28,Caleb Durbin,Hit,0.5414
2026-03-28,Caleb Durbin,TB,0.2672
2026-03-28,Caleb Durbin,Run,0.3714
2026-03-28,Caleb Durbin,RBI,0.2856
2026-03-28,Carlos Narváez,HR,0.0757
2026-03-28,Carlos Narváez,Hit,0.494
2026-03-28,Carlos Narváez,TB,0.2772
2026-03-28,Carlos Narváez,Run,0.3631
2026-03-28,Carlos Narváez,RBI,0.28
2026-03-28,Ceddanne Rafaela,HR,0.0591
2026-03-28,Ceddanne Rafaela,Hit,0.5206
2026-03-28,Ceddanne Rafaela,TB,0.2786
2026-03-28,Ceddanne Rafaela,Run,0.3998
2026-03-28,Ceddanne Rafaela,RBI,0.2656
2026-03-28,Connor Wong,HR,0.0
2026-03-28,Connor Wong,Hit,0.4165
2026-03-28,Connor Wong,TB,0.1608
2026-03-28,Connor Wong,Run,0.2563
2026-03-28,Connor Wong,RBI,0.1051
2026-03-28,Isiah Kiner-Falefa,HR,0.0087
2026-03-28,Isiah Kiner-Falefa,Hit,0.5457
2026-03-28,Isiah Kiner-Falefa,TB,0.2358
2026-03-28,Isiah Kiner-Falefa,Run,0.2734
2026-03-28,Isiah Kiner-Falefa,RBI,0.2329
2026-03-28,Jarren Duran,HR,0.0475
2026-03-28,Jarren Duran,Hit,0.4952
2026-03-28,Jarren Duran,TB,0.2763
2026-03-28,Jarren Duran,Run,0.3434
2026-03-28,Jarren Duran,RBI,0.2832
2026-03-28,Marcelo Mayer,HR,0.0581
2026-03-28,Marcelo Mayer,Hit,0.4531
2026-03-28,Marcelo Mayer,TB,0.2517
2026-03-28,Marcelo Mayer,Run,0.3818
2026-03-28,Marcelo Mayer,RBI,0.17
2026-03-28,Masataka Yoshida,HR,0.0387
2026-03-28,Masataka Yoshida,Hit,0.5041
2026-03-28,Masataka Yoshida,TB,0.2245
2026-03-28,Masataka Yoshida,Run,0.2297
2026-03-28,Masataka Yoshida,RBI,0.2923
2026-03-28,Dane Myers,HR,0.0662
2026-03-28,Dane Myers,Hit,0.6695
2026-03-28,Dane Myers,TB,0.3404
2026-03-28,Dane Myers,Run,0.3766
2026-03-28,Dane Myers,RBI,0.3535
2026-03-28,Elly De La Cruz,HR,0.1174
2026-03-28,Elly De La Cruz,Hit,0.6967
2026-03-28,Elly De La Cruz,TB,0.4227
2026-03-28,Elly De La Cruz,Run,0.5431
2026-03-28,Elly De La Cruz,RBI,0.4327
2026-03-28,Eugenio Suárez,HR,0.2391
2026-03-28,Eugenio Suárez,Hit,0.5985
2026-03-28,Eugenio Suárez,TB,0.4052
2026-03-28,Eugenio Suárez,Run,0.5373
2026-03-28,Eugenio Suárez,RBI,0.5449
2026-03-28,Jose Trevino,HR,0.0485
2026-03-28,Jose Trevino,Hit,0.6603
2026-03-28,Jose Trevino,TB,0.3829
2026-03-28,Jose Trevino,Run,0.3853
2026-03-28,Jose Trevino,RBI,0.2796
2026-03-28,Ke'Bryan Hayes,HR,0.0296
2026-03-28,Ke'Bryan Hayes,Hit,0.6372
2026-03-28,Ke'Bryan Hayes,TB,0.3
2026-03-28,Ke'Bryan Hayes,Run,0.3424
2026-03-28,Ke'Bryan Hayes,RBI,0.3082
2026-03-28,Matt McLain,HR,0.0857
2026-03-28,Matt McLain,Hit,0.5751
2026-03-28,Matt McLain,TB,0.2845
2026-03-28,Matt McLain,Run,0.4481
2026-03-28,Matt McLain,RBI,0.2999
2026-03-28,Nathaniel Lowe,HR,0.0954
2026-03-28,Nathaniel Lowe,Hit,0.5831
2026-03-28,Nathaniel Lowe,TB,0.3171
2026-03-28,Nathaniel Lowe,Run,0.3959
2026-03-28,Nathaniel Lowe,RBI,0.4368
2026-03-28,Noelvi Marte,HR,0.1065
2026-03-28,Noelvi Marte,Hit,0.6442
2026-03-28,Noelvi Marte,TB,0.3666
2026-03-28,Noelvi Marte,Run,0.4284
2026-03-28,Noelvi Marte,RBI,0.4204
2026-03-28,Sal Stewart,HR,0.2358
2026-03-28,Sal Stewart,Hit,0.6126
2026-03-28,Sal Stewart,TB,0.3563
2026-03-28,Sal Stewart,Run,0.5742
2026-03-28,Sal Stewart,RBI,0.3825
2026-03-28,Billy Cook,HR,0.0485
2026-03-28,Billy Cook,Hit,0.3509
2026-03-28,Billy Cook,TB,0.1575
2026-03-28,Billy Cook,Run,0.2577
2026-03-28,Billy Cook,RBI,0.0963
2026-03-28,Brandon Lowe,HR,0.0764
2026-03-28,Brandon Lowe,Hit,0.3443
2026-03-28,Brandon Lowe,TB,0.154
2026-03-28,Brandon Lowe,Run,0.3193
2026-03-28,Brandon Lowe,RBI,0.2284
2026-03-28,Bryan Reynolds,HR,0.0349
2026-03-28,Bryan Reynolds,Hit,0.3302
2026-03-28,Bryan Reynolds,TB,0.1571
2026-03-28,Bryan Reynolds,Run,0.2559
2026-03-28,Bryan Reynolds,RBI,0.1777
2026-03-28,Henry Davis,HR,0.0397
2026-03-28,Henry Davis,Hit,0.2268
2026-03-28,Henry Davis,TB,0.0882
2026-03-28,Henry Davis,Run,0.2254
2026-03-28,Henry Davis,RBI,0.1245
2026-03-28,Jake Mangum,HR,0.0098
2026-03-28,Jake Mangum,Hit,0.3942
2026-03-28,Jake Mangum,TB,0.1297
2026-03-28,Jake Mangum,Run,0.1685
2026-03-28,Jake Mangum,RBI,0.1506
2026-03-28,Jared Triolo,HR,0.0256
2026-03-28,Jared Triolo,Hit,0.2865
2026-03-28,Jared Triolo,TB,0.1228
2026-03-28,Jared Triolo,Run,0.2573
2026-03-28,Jared Triolo,RBI,0.0975
2026-03-28,Joey Bart,HR,0.0166
2026-03-28,Joey Bart,Hit,0.3079
2026-03-28,Joey Bart,TB,0.0985
2026-03-28,Joey Bart,Run,0.1605
2026-03-28,Joey Bart,RBI,0.1391
2026-03-28,Marcell Ozuna,HR,0.043
2026-03-28,Marcell Ozuna,Hit,0.2507
2026-03-28,Marcell Ozuna,TB,0.1006
2026-03-28,Marcell Ozuna,Run,0.2662
2026-03-28,Marcell Ozuna,RBI,0.1518
2026-03-28,Nick Gonzales,HR,0.0177
2026-03-28,Nick Gonzales,Hit,0.3312
2026-03-28,Nick Gonzales,TB,0.1206
2026-03-28,Nick Gonzales,Run,0.1843
2026-03-28,Nick Gonzales,RBI,0.1126
2026-03-28,Bo Bichette,HR,0.0831
2026-03-28,Bo Bichette,Hit,0.6896
2026-03-28,Bo Bichette,TB,0.4093
2026-03-28,Bo Bichette,Run,0.4228
2026-03-28,Bo Bichette,RBI,0.4328
2026-03-28,Brett Baty,HR,0.1208
2026-03-28,Brett Baty,Hit,0.5697
2026-03-28,Brett Baty,TB,0.2957
2026-03-28,Brett Baty,Run,0.4222
2026-03-28,Brett Baty,RBI,0.3333
2026-03-28,Carson Benge,HR,0.0789
2026-03-28,Carson Benge,Hit,0.5603
2026-03-28,Carson Benge,TB,0.2904
2026-03-28,Carson Benge,Run,0.3415
2026-03-28,Carson Benge,RBI,0.1704
2026-03-28,Francisco Alvarez,HR,0.1053
2026-03-28,Francisco Alvarez,Hit,0.5543
2026-03-28,Francisco Alvarez,TB,0.3039
2026-03-28,Francisco Alvarez,Run,0.3998
2026-03-28,Francisco Alvarez,RBI,0.3147
2026-03-28,Francisco Lindor,HR,0.114
2026-03-28,Francisco Lindor,Hit,0.572
2026-03-28,Francisco Lindor,TB,0.3085
2026-03-28,Francisco Lindor,Run,0.4942
2026-03-28,Francisco Lindor,RBI,0.3209
2026-03-28,Jared Young,HR,0.2057
2026-03-28,Jared Young,Hit,0.4131
2026-03-28,Jared Young,TB,0.2759
2026-03-28,Jared Young,Run,0.3793
2026-03-28,Jared Young,RBI,0.3221
2026-03-28,Jorge Polanco,HR,0.121
2026-03-28,Jorge Polanco,Hit,0.5488
2026-03-28,Jorge Polanco,TB,0.3209
2026-03-28,Jorge Polanco,Run,0.3989
2026-03-28,Jorge Polanco,RBI,0.3728
2026-03-28,Juan Soto,HR,0.1454
2026-03-28,Juan Soto,Hit,0.4983
2026-03-28,Juan Soto,TB,0.2644
2026-03-28,Juan Soto,Run,0.5134
2026-03-28,Juan Soto,RBI,0.3616
2026-03-28,Luis Robert Jr.,HR,0.0811
2026-03-28,Luis Robert Jr.,Hit,0.4635
2026-03-28,Luis Robert Jr.,TB,0.2012
2026-03-28,Luis Robert Jr.,Run,0.3725
2026-03-28,Luis Robert Jr.,RBI,0.3089
2026-03-28,Braxton Fulford,HR,0.0298
2026-03-28,Braxton Fulford,Hit,0.5491
2026-03-28,Braxton Fulford,TB,0.2934
2026-03-28,Braxton Fulford,Run,0.3305
2026-03-28,Braxton Fulford,RBI,0.4136
2026-03-28,Brenton Doyle,HR,0.0958
2026-03-28,Brenton Doyle,Hit,0.5835
2026-03-28,Brenton Doyle,TB,0.3157
2026-03-28,Brenton Doyle,Run,0.3954
2026-03-28,Brenton Doyle,RBI,0.3242
2026-03-28,Brett Sullivan,HR,0.1026
2026-03-28,Brett Sullivan,Hit,0.598
2026-03-28,Brett Sullivan,TB,0.329
2026-03-28,Brett Sullivan,Run,0.3722
2026-03-28,Brett Sullivan,RBI,0.1997
2026-03-28,Edouard Julien,HR,0.0487
2026-03-28,Edouard Julien,Hit,0.5273
2026-03-28,Edouard Julien,TB,0.2682
2026-03-28,Edouard Julien,Run,0.251
2026-03-28,Edouard Julien,RBI,0.1905
2026-03-28,Ezequiel Tovar,HR,0.0716
2026-03-28,Ezequiel Tovar,Hit,0.5982
2026-03-28,Ezequiel Tovar,TB,0.3251
2026-03-28,Ezequiel Tovar,Run,0.3818
2026-03-28,Ezequiel Tovar,RBI,0.2597
2026-03-28,Hunter Goodman,HR,0.165
2026-03-28,Hunter Goodman,Hit,0.6225
2026-03-28,Hunter Goodman,TB,0.3853
2026-03-28,Hunter Goodman,Run,0.443
2026-03-28,Hunter Goodman,RBI,0.4272
2026-03-28,Jake McCarthy,HR,0.0576
2026-03-28,Jake McCarthy,Hit,0.5056
2026-03-28,Jake McCarthy,TB,0.2582
2026-03-28,Jake McCarthy,Run,0.2954
2026-03-28,Jake McCarthy,RBI,0.2659
2026-03-28,Jordan Beck,HR,0.0849
2026-03-28,Jordan Beck,Hit,0.5779
2026-03-28,Jordan Beck,TB,0.3101
2026-03-28,Jordan Beck,Run,0.3591
2026-03-28,Jordan Beck,RBI,0.2643
2026-03-28,Kyle Karros,HR,0.0184
2026-03-28,Kyle Karros,Hit,0.5015
2026-03-28,Kyle Karros,TB,0.1785
2026-03-28,Kyle Karros,Run,0.3761
2026-03-28,Kyle Karros,RBI,0.1725
2026-03-28,Agustín Ramírez,HR,0.2075
2026-03-28,Agustín Ramírez,Hit,0.7712
2026-03-28,Agustín Ramírez,TB,0.5486
2026-03-28,Agustín Ramírez,Run,0.5966
2026-03-28,Agustín Ramírez,RBI,0.5214
2026-03-28,Austin Slater,HR,0.1795
2026-03-28,Austin Slater,Hit,0.7429
2026-03-28,Austin Slater,TB,0.4883
2026-03-28,Austin Slater,Run,0.616
2026-03-28,Austin Slater,RBI,0.4056
2026-03-28,Connor Norby,HR,0.1375
2026-03-28,Connor Norby,Hit,0.7783
2026-03-28,Connor Norby,TB,0.5235
2026-03-28,Connor Norby,Run,0.5652
2026-03-28,Connor Norby,RBI,0.459
2026-03-28,Deyvison De Los Santos,HR,0.1668
2026-03-28,Deyvison De Los Santos,Hit,0.7717
2026-03-28,Deyvison De Los Santos,TB,0.5123
2026-03-28,Deyvison De Los Santos,Run,0.4925
2026-03-28,Deyvison De Los Santos,RBI,0.3025
2026-03-28,Graham Pauley,HR,0.1183
2026-03-28,Graham Pauley,Hit,0.7004
2026-03-28,Graham Pauley,TB,0.4374
2026-03-28,Graham Pauley,Run,0.4564
2026-03-28,Graham Pauley,RBI,0.2845
2026-03-28,Griffin Conine,HR,0.1263
2026-03-28,Griffin Conine,Hit,0.7643
2026-03-28,Griffin Conine,TB,0.5453
2026-03-28,Griffin Conine,Run,0.5946
2026-03-28,Griffin Conine,RBI,0.4074
2026-03-28,Heriberto Hernández,HR,0.1764
2026-03-28,Heriberto Hernández,Hit,0.7526
2026-03-28,Heriberto Hernández,TB,0.4876
2026-03-28,Heriberto Hernández,Run,0.5751
2026-03-28,Heriberto Hernández,RBI,0.585
2026-03-28,Jakob Marsee,HR,0.1101
2026-03-28,Jakob Marsee,Hit,0.7985
2026-03-28,Jakob Marsee,TB,0.5656
2026-03-28,Jakob Marsee,Run,0.5092
2026-03-28,Jakob Marsee,RBI,0.5453
2026-03-28,Javier Sanoja,HR,0.0898
2026-03-28,Javier Sanoja,Hit,0.7241
2026-03-28,Javier Sanoja,TB,0.4776
2026-03-28,Javier Sanoja,Run,0.4791
2026-03-28,Javier Sanoja,RBI,0.4374
2026-03-28,Adam Frazier,HR,0.077
2026-03-28,Adam Frazier,Hit,0.7324
2026-03-28,Adam Frazier,TB,0.4206
2026-03-28,Adam Frazier,Run,0.4122
2026-03-28,Adam Frazier,RBI,0.3807
2026-03-28,Bryce Teodosio,HR,0.0341
2026-03-28,Bryce Teodosio,Hit,0.6121
2026-03-28,Bryce Teodosio,TB,0.3499
2026-03-28,Bryce Teodosio,Run,0.3291
2026-03-28,Bryce Teodosio,RBI,0.1979
2026-03-28,Jeimer Candelario,HR,0.1
2026-03-28,Jeimer Candelario,Hit,0.3755
2026-03-28,Jeimer Candelario,TB,0.2017
2026-03-28,Jeimer Candelario,Run,0.2117
2026-03-28,Jeimer Candelario,RBI,0.3755
2026-03-28,Jo Adell,HR,0.2567
2026-03-28,Jo Adell,Hit,0.6491
2026-03-28,Jo Adell,TB,0.4195
2026-03-28,Jo Adell,Run,0.5054
2026-03-28,Jo Adell,RBI,0.5567
2026-03-28,Jorge Soler,HR,0.1543
2026-03-28,Jorge Soler,Hit,0.5829
2026-03-28,Jorge Soler,TB,0.3476
2026-03-28,Jorge Soler,Run,0.4239
2026-03-28,Jorge Soler,RBI,0.3763
2026-03-28,Josh Lowe,HR,0.1056
2026-03-28,Josh Lowe,Hit,0.6075
2026-03-28,Josh Lowe,TB,0.3505
2026-03-28,Josh Lowe,Run,0.4703
2026-03-28,Josh Lowe,RBI,0.331
2026-03-28,Logan O'Hoppe,HR,0.1675
2026-03-28,Logan O'Hoppe,Hit,0.5942
2026-03-28,Logan O'Hoppe,TB,0.3108
2026-03-28,Logan O'Hoppe,Run,0.3723
2026-03-28,Logan O'Hoppe,RBI,0.3401
2026-03-28,Mike Trout,HR,0.1797
2026-03-28,Mike Trout,Hit,0.5645
2026-03-28,Mike Trout,TB,0.3253
2026-03-28,Mike Trout,Run,0.5022
2026-03-28,Mike Trout,RBI,0.3883
2026-03-28,Nolan Schanuel,HR,0.0864
2026-03-28,Nolan Schanuel,Hit,0.636
2026-03-28,Nolan Schanuel,TB,0.3349
2026-03-28,Nolan Schanuel,Run,0.4161
2026-03-28,Nolan Schanuel,RBI,0.3239
2026-03-28,Brice Matthews,HR,0.1974
2026-03-28,Brice Matthews,Hit,0.3396
2026-03-28,Brice Matthews,TB,0.2074
2026-03-28,Brice Matthews,Run,0.3895
2026-03-28,Brice Matthews,RBI,0.3396
2026-03-28,Cam Smith,HR,0.0449
2026-03-28,Cam Smith,Hit,0.4409
2026-03-28,Cam Smith,TB,0.2077
2026-03-28,Cam Smith,Run,0.3327
2026-03-28,Cam Smith,RBI,0.2475
2026-03-28,Carlos Correa,HR,0.0571
2026-03-28,Carlos Correa,Hit,0.5027
2026-03-28,Carlos Correa,TB,0.2332
2026-03-28,Carlos Correa,Run,0.3142
2026-03-28,Carlos Correa,RBI,0.2105
2026-03-28,Christian Vázquez,HR,0.0342
2026-03-28,Christian Vázquez,Hit,0.3742
2026-03-28,Christian Vázquez,TB,0.149
2026-03-28,Christian Vázquez,Run,0.2156
2026-03-28,Christian Vázquez,RBI,0.1562
2026-03-28,Christian Walker,HR,0.0938
2026-03-28,Christian Walker,Hit,0.431
2026-03-28,Christian Walker,TB,0.2128
2026-03-28,Christian Walker,Run,0.325
2026-03-28,Christian Walker,RBI,0.2912
2026-03-28,Isaac Paredes,HR,0.0978
2026-03-28,Isaac Paredes,Hit,0.4311
2026-03-28,Isaac Paredes,TB,0.2109
2026-03-28,Isaac Paredes,Run,0.3564
2026-03-28,Isaac Paredes,RBI,0.2541
2026-03-28,Jake Meyers,HR,0.0225
2026-03-28,Jake Meyers,Hit,0.5045
2026-03-28,Jake Meyers,TB,0.1953
2026-03-28,Jake Meyers,Run,0.3384
2026-03-28,Jake Meyers,RBI,0.1442
2026-03-28,Jeremy Peña,HR,0.0715
2026-03-28,Jeremy Peña,Hit,0.5095
2026-03-28,Jeremy Peña,TB,0.2469
2026-03-28,Jeremy Peña,Run,0.3376
2026-03-28,Jeremy Peña,RBI,0.2411
2026-03-28,Joey Loperfido,HR,0.08
2026-03-28,Joey Loperfido,Hit,0.532
2026-03-28,Joey Loperfido,TB,0.229
2026-03-28,Joey Loperfido,Run,0.2936
2026-03-28,Joey Loperfido,RBI,0.2633
2026-03-28,Andrew Benintendi,HR,0.1286
2026-03-28,Andrew Benintendi,Hit,0.5191
2026-03-28,Andrew Benintendi,TB,0.2759
2026-03-28,Andrew Benintendi,Run,0.4156
2026-03-28,Andrew Benintendi,RBI,0.3556
2026-03-28,Austin Hays,HR,0.0958
2026-03-28,Austin Hays,Hit,0.5404
2026-03-28,Austin Hays,TB,0.2883
2026-03-28,Austin Hays,Run,0.4277
2026-03-28,Austin Hays,RBI,0.3813
2026-03-28,Chase Meidroth,HR,0.0303
2026-03-28,Chase Meidroth,Hit,0.5208
2026-03-28,Chase Meidroth,TB,0.2076
2026-03-28,Chase Meidroth,Run,0.3321
2026-03-28,Chase Meidroth,RBI,0.133
2026-03-28,Colson Montgomery,HR,0.181
2026-03-28,Colson Montgomery,Hit,0.4725
2026-03-28,Colson Montgomery,TB,0.2913
2026-03-28,Colson Montgomery,Run,0.4632
2026-03-28,Colson Montgomery,RBI,0.4337
2026-03-28,Derek Hill,HR,0.0561
2026-03-28,Derek Hill,Hit,0.4437
2026-03-28,Derek Hill,TB,0.2034
2026-03-28,Derek Hill,Run,0.3707
2026-03-28,Derek Hill,RBI,0.191
2026-03-28,Edgar Quero,HR,0.0344
2026-03-28,Edgar Quero,Hit,0.5373
2026-03-28,Edgar Quero,TB,0.228
2026-03-28,Edgar Quero,Run,0.2397
2026-03-28,Edgar Quero,RBI,0.2308
2026-03-28,Everson Pereira,HR,0.0704
2026-03-28,Everson Pereira,Hit,0.291
2026-03-28,Everson Pereira,TB,0.1188
2026-03-28,Everson Pereira,Run,0.3101
2026-03-28,Everson Pereira,RBI,0.263
2026-03-28,Lenyn Sosa,HR,0.0953
2026-03-28,Lenyn Sosa,Hit,0.5121
2026-03-28,Lenyn Sosa,TB,0.2472
2026-03-28,Lenyn Sosa,Run,0.3128
2026-03-28,Lenyn Sosa,RBI,0.3134
2026-03-28,Luisangel Acuña,HR,0.0
2026-03-28,Luisangel Acuña,Hit,0.4504
2026-03-28,Luisangel Acuña,TB,0.1536
2026-03-28,Luisangel Acuña,Run,0.375
2026-03-28,Luisangel Acuña,RBI,0.0983
2026-03-28,Blake Perkins,HR,0.1026
2026-03-28,Blake Perkins,Hit,0.7348
2026-03-28,Blake Perkins,TB,0.4613
2026-03-28,Blake Perkins,Run,0.6054
2026-03-28,Blake Perkins,RBI,0.4945
2026-03-28,Brandon Lockridge,HR,0.0
2026-03-28,Brandon Lockridge,Hit,0.7383
2026-03-28,Brandon Lockridge,TB,0.436
2026-03-28,Brandon Lockridge,Run,0.482
2026-03-28,Brandon Lockridge,RBI,0.345
2026-03-28,Brice Turang,HR,0.1497
2026-03-28,Brice Turang,Hit,0.817
2026-03-28,Brice Turang,TB,0.5402
2026-03-28,Brice Turang,Run,0.616
2026-03-28,Brice Turang,RBI,0.5249
2026-03-28,Christian Yelich,HR,0.2194
2026-03-28,Christian Yelich,Hit,0.7683
2026-03-28,Christian Yelich,TB,0.4963
2026-03-28,Christian Yelich,Run,0.596
2026-03-28,Christian Yelich,RBI,0.6099
2026-03-28,David Hamilton,HR,0.1606
2026-03-28,David Hamilton,Hit,0.6705
2026-03-28,David Hamilton,TB,0.382
2026-03-28,David Hamilton,Run,0.5765
2026-03-28,David Hamilton,RBI,0.436
2026-03-28,Garrett Mitchell,HR,0.0
2026-03-28,Garrett Mitchell,Hit,0.6376
2026-03-28,Garrett Mitchell,TB,0.3628
2026-03-28,Garrett Mitchell,Run,0.4398
2026-03-28,Garrett Mitchell,RBI,0.1777
2026-03-28,Gary Sánchez,HR,0.2324
2026-03-28,Gary Sánchez,Hit,0.6931
2026-03-28,Gary Sánchez,TB,0.4245
2026-03-28,Gary Sánchez,Run,0.563
2026-03-28,Gary Sánchez,RBI,0.6931
2026-03-28,Jake Bauers,HR,0.1561
2026-03-28,Jake Bauers,Hit,0.6643
2026-03-28,Jake Bauers,TB,0.3993
2026-03-28,Jake Bauers,Run,0.5303
2026-03-28,Jake Bauers,RBI,0.4909
2026-03-28,Jeferson Quero,HR,0.143
2026-03-28,Jeferson Quero,Hit,0.7213
2026-03-28,Jeferson Quero,TB,0.4473
2026-03-28,Jeferson Quero,Run,0.4388
2026-03-28,Jeferson Quero,RBI,0.2608
2026-03-28,Bobby Witt Jr.,HR,0.083
2026-03-28,Bobby Witt Jr.,Hit,0.4896
2026-03-28,Bobby Witt Jr.,TB,0.2707
2026-03-28,Bobby Witt Jr.,Run,0.3935
2026-03-28,Bobby Witt Jr.,RBI,0.272
2026-03-28,Carter Jensen,HR,0.095
2026-03-28,Carter Jensen,Hit,0.4569
2026-03-28,Carter Jensen,TB,0.2784
2026-03-28,Carter Jensen,Run,0.4584
2026-03-28,Carter Jensen,RBI,0.3523
2026-03-28,Isaac Collins,HR,0.0461
2026-03-28,Isaac Collins,Hit,0.4037
2026-03-28,Isaac Collins,TB,0.1879
2026-03-28,Isaac Collins,Run,0.3439
2026-03-28,Isaac Collins,RBI,0.2481
2026-03-28,Jac Caglianone,HR,0.0646
2026-03-28,Jac Caglianone,Hit,0.2721
2026-03-28,Jac Caglianone,TB,0.1299
2026-03-28,Jac Caglianone,Run,0.2468
2026-03-28,Jac Caglianone,RBI,0.1568
2026-03-28,Jonathan India,HR,0.0332
2026-03-28,Jonathan India,Hit,0.3604
2026-03-28,Jonathan India,TB,0.1608
2026-03-28,Jonathan India,Run,0.2941
2026-03-28,Jonathan India,RBI,0.1616
2026-03-28,Kyle Isbel,HR,0.02
2026-03-28,Kyle Isbel,Hit,0.397
2026-03-28,Kyle Isbel,TB,0.1574
2026-03-28,Kyle Isbel,Run,0.2397
2026-03-28,Kyle Isbel,RBI,0.1598
2026-03-28,Lane Thomas,HR,0.055
2026-03-28,Lane Thomas,Hit,0.2516
2026-03-28,Lane Thomas,TB,0.0973
2026-03-28,Lane Thomas,Run,0.2199
2026-03-28,Lane Thomas,RBI,0.145
2026-03-28,Maikel Garcia,HR,0.0445
2026-03-28,Maikel Garcia,Hit,0.4173
2026-03-28,Maikel Garcia,TB,0.1988
2026-03-28,Maikel Garcia,Run,0.2919
2026-03-28,Maikel Garcia,RBI,0.2003
2026-03-28,Nick Loftin,HR,0.0383
2026-03-28,Nick Loftin,Hit,0.3201
2026-03-28,Nick Loftin,TB,0.1628
2026-03-28,Nick Loftin,Run,0.2299
2026-03-28,Nick Loftin,RBI,0.1896
2026-03-28,Austin Riley,HR,0.0802
2026-03-28,Austin Riley,Hit,0.4617
2026-03-28,Austin Riley,TB,0.2251
2026-03-28,Austin Riley,Run,0.3412
2026-03-28,Austin Riley,RBI,0.2602
2026-03-28,Dominic Smith,HR,0.057
2026-03-28,Dominic Smith,Hit,0.492
2026-03-28,Dominic Smith,TB,0.2313
2026-03-28,Dominic Smith,Run,0.3205
2026-03-28,Dominic Smith,RBI,0.3108
2026-03-28,Drake Baldwin,HR,0.0999
2026-03-28,Drake Baldwin,Hit,0.4778
2026-03-28,Drake Baldwin,TB,0.236
2026-03-28,Drake Baldwin,Run,0.3678
2026-03-28,Drake Baldwin,RBI,0.3679
2026-03-28,Eli White,HR,0.0821
2026-03-28,Eli White,Hit,0.4082
2026-03-28,Eli White,TB,0.1904
2026-03-28,Eli White,Run,0.3702
2026-03-28,Eli White,RBI,0.2584
2026-03-28,Jonah Heim,HR,0.0561
2026-03-28,Jonah Heim,Hit,0.372
2026-03-28,Jonah Heim,TB,0.1534
2026-03-28,Jonah Heim,Run,0.249
2026-03-28,Jonah Heim,RBI,0.2106
2026-03-28,Jorge Mateo,HR,0.0276
2026-03-28,Jorge Mateo,Hit,0.3213
2026-03-28,Jorge Mateo,TB,0.1416
2026-03-28,Jorge Mateo,Run,0.2709
2026-03-28,Jorge Mateo,RBI,0.0772
2026-03-28,Kyle Farmer,HR,0.0591
2026-03-28,Kyle Farmer,Hit,0.3855
2026-03-28,Kyle Farmer,TB,0.1787
2026-03-28,Kyle Farmer,Run,0.2305
2026-03-28,Kyle Farmer,RBI,0.2063
2026-03-28,Matt Olson,HR,0.0807
2026-03-28,Matt Olson,Hit,0.4133
2026-03-28,Matt Olson,TB,0.2149
2026-03-28,Matt Olson,Run,0.3565
2026-03-28,Matt Olson,RBI,0.2468
2026-03-28,Mauricio Dubón,HR,0.0351
2026-03-28,Mauricio Dubón,Hit,0.3896
2026-03-28,Mauricio Dubón,TB,0.1651
2026-03-28,Mauricio Dubón,Run,0.2533
2026-03-28,Mauricio Dubón,RBI,0.1598
2026-03-28,Aaron Judge,HR,0.0988
2026-03-28,Aaron Judge,Hit,0.3454
2026-03-28,Aaron Judge,TB,0.1815
2026-03-28,Aaron Judge,Run,0.481
2026-03-28,Aaron Judge,RBI,0.2255
2026-03-28,Amed Rosario,HR,0.0491
2026-03-28,Amed Rosario,Hit,0.3567
2026-03-28,Amed Rosario,TB,0.1555
2026-03-28,Amed Rosario,Run,0.2142
2026-03-28,Amed Rosario,RBI,0.1804
2026-03-28,Austin Wells,HR,0.0588
2026-03-28,Austin Wells,Hit,0.2577
2026-03-28,Austin Wells,TB,0.134
2026-03-28,Austin Wells,Run,0.2537
2026-03-28,Austin Wells,RBI,0.2096
2026-03-28,Ben Rice,HR,0.062
2026-03-28,Ben Rice,Hit,0.2889
2026-03-28,Ben Rice,TB,0.1533
2026-03-28,Ben Rice,Run,0.3122
2026-03-28,Ben Rice,RBI,0.1629
2026-03-28,Cody Bellinger,HR,0.0599
2026-03-28,Cody Bellinger,Hit,0.3166
2026-03-28,Cody Bellinger,TB,0.1417
2026-03-28,Cody Bellinger,Run,0.2939
2026-03-28,Cody Bellinger,RBI,0.2029
2026-03-28,Giancarlo Stanton,HR,0.1054
2026-03-28,Giancarlo Stanton,Hit,0.3011
2026-03-28,Giancarlo Stanton,TB,0.1515
2026-03-28,Giancarlo Stanton,Run,0.3138
2026-03-28,Giancarlo Stanton,RBI,0.2919
2026-03-28,J.C. Escarra,HR,0.0261
2026-03-28,J.C. Escarra,Hit,0.2324
2026-03-28,J.C. Escarra,TB,0.106
2026-03-28,J.C. Escarra,Run,0.1397
2026-03-28,J.C. Escarra,RBI,0.1543
2026-03-28,Jazz Chisholm Jr.,HR,0.0685
2026-03-28,Jazz Chisholm Jr.,Hit,0.2592
2026-03-28,Jazz Chisholm Jr.,TB,0.1161
2026-03-28,Jazz Chisholm Jr.,Run,0.3069
2026-03-28,Jazz Chisholm Jr.,RBI,0.1863
2026-03-28,José Caballero,HR,0.0169
2026-03-28,José Caballero,Hit,0.2456
2026-03-28,José Caballero,TB,0.0918
2026-03-28,José Caballero,Run,0.3039
2026-03-28,José Caballero,RBI,0.1264
2026-03-28,Casey Schmitt,HR,0.143
2026-03-28,Casey Schmitt,Hit,0.655
2026-03-28,Casey Schmitt,TB,0.3842
2026-03-28,Casey Schmitt,Run,0.4375
2026-03-28,Casey Schmitt,RBI,0.4125
2026-03-28,Christian Koss,HR,0.0663
2026-03-28,Christian Koss,Hit,0.6993
2026-03-28,Christian Koss,TB,0.391
2026-03-28,Christian Koss,Run,0.4816
2026-03-28,Christian Koss,RBI,0.4281
2026-03-28,Daniel Susac,HR,0.1092
2026-03-28,Daniel Susac,Hit,0.6606
2026-03-28,Daniel Susac,TB,0.3874
2026-03-28,Daniel Susac,Run,0.4084
2026-03-28,Daniel Susac,RBI,0.2196
2026-03-28,Harrison Bader,HR,0.1323
2026-03-28,Harrison Bader,Hit,0.7006
2026-03-28,Harrison Bader,TB,0.4216
2026-03-28,Harrison Bader,Run,0.4812
2026-03-28,Harrison Bader,RBI,0.3834
2026-03-28,Heliot Ramos,HR,0.114
2026-03-28,Heliot Ramos,Hit,0.6583
2026-03-28,Heliot Ramos,TB,0.3524
2026-03-28,Heliot Ramos,Run,0.4597
2026-03-28,Heliot Ramos,RBI,0.341
2026-03-28,Jared Oliva,HR,0.1109
2026-03-28,Jared Oliva,Hit,0.6417
2026-03-28,Jared Oliva,TB,0.3674
2026-03-28,Jared Oliva,Run,0.388
2026-03-28,Jared Oliva,RBI,0.2165
2026-03-28,Jerar Encarnacion,HR,0.1277
2026-03-28,Jerar Encarnacion,Hit,0.5675
2026-03-28,Jerar Encarnacion,TB,0.3392
2026-03-28,Jerar Encarnacion,Run,0.365
2026-03-28,Jerar Encarnacion,RBI,0.4008
2026-03-28,Jung Hoo Lee,HR,0.0472
2026-03-28,Jung Hoo Lee,Hit,0.6518
2026-03-28,Jung Hoo Lee,TB,0.3652
2026-03-28,Jung Hoo Lee,Run,0.4057
2026-03-28,Jung Hoo Lee,RBI,0.2975
2026-03-28,Luis Arraez,HR,0.0425
2026-03-28,Luis Arraez,Hit,0.6889
2026-03-28,Luis Arraez,TB,0.3626
2026-03-28,Luis Arraez,Run,0.3435
2026-03-28,Luis Arraez,RBI,0.295
2026-03-28,Colt Keith,HR,0.0981
2026-03-28,Colt Keith,Hit,0.5958
2026-03-28,Colt Keith,TB,0.3224
2026-03-28,Colt Keith,Run,0.4785
2026-03-28,Colt Keith,RBI,0.3027
2026-03-28,Dillon Dingler,HR,0.0964
2026-03-28,Dillon Dingler,Hit,0.6393
2026-03-28,Dillon Dingler,TB,0.3536
2026-03-28,Dillon Dingler,Run,0.402
2026-03-28,Dillon Dingler,RBI,0.3598
2026-03-28,Gleyber Torres,HR,0.0876
2026-03-28,Gleyber Torres,Hit,0.5717
2026-03-28,Gleyber Torres,TB,0.2877
2026-03-28,Gleyber Torres,Run,0.4467
2026-03-28,Gleyber Torres,RBI,0.358
2026-03-28,Jahmai Jones,HR,0.1528
2026-03-28,Jahmai Jones,Hit,0.6007
2026-03-28,Jahmai Jones,TB,0.4052
2026-03-28,Jahmai Jones,Run,0.487
2026-03-28,Jahmai Jones,RBI,0.4238
2026-03-28,Jake Rogers,HR,0.0718
2026-03-28,Jake Rogers,Hit,0.4419
2026-03-28,Jake Rogers,TB,0.247
2026-03-28,Jake Rogers,Run,0.3508
2026-03-28,Jake Rogers,RBI,0.3786
2026-03-28,Javier Báez,HR,0.0864
2026-03-28,Javier Báez,Hit,0.596
2026-03-28,Javier Báez,TB,0.3034
2026-03-28,Javier Báez,Run,0.3964
2026-03-28,Javier Báez,RBI,0.3658
2026-03-28,Kerry Carpenter,HR,0.1703
2026-03-28,Kerry Carpenter,Hit,0.56
2026-03-28,Kerry Carpenter,TB,0.3359
2026-03-28,Kerry Carpenter,Run,0.4519
2026-03-28,Kerry Carpenter,RBI,0.3639
2026-03-28,Kevin McGonigle,HR,0.0887
2026-03-28,Kevin McGonigle,Hit,0.5177
2026-03-28,Kevin McGonigle,TB,0.2711
2026-03-28,Kevin McGonigle,Run,0.3254
2026-03-28,Kevin McGonigle,RBI,0.1626
2026-03-28,Matt Vierling,HR,0.0309
2026-03-28,Matt Vierling,Hit,0.4953
2026-03-28,Matt Vierling,TB,0.1949
2026-03-28,Matt Vierling,Run,0.1966
2026-03-28,Matt Vierling,RBI,0.2901
2026-03-28,Bryce Johnson,HR,0.0622
2026-03-28,Bryce Johnson,Hit,0.8316
2026-03-28,Bryce Johnson,TB,0.537
2026-03-28,Bryce Johnson,Run,0.4452
2026-03-28,Bryce Johnson,RBI,0.3858
2026-03-28,Fernando Tatis Jr.,HR,0.1709
2026-03-28,Fernando Tatis Jr.,Hit,0.7135
2026-03-28,Fernando Tatis Jr.,TB,0.4448
2026-03-28,Fernando Tatis Jr.,Run,0.6093
2026-03-28,Fernando Tatis Jr.,RBI,0.4104
2026-03-28,Freddy Fermin,HR,0.0706
2026-03-28,Freddy Fermin,Hit,0.6964
2026-03-28,Freddy Fermin,TB,0.3765
2026-03-28,Freddy Fermin,Run,0.3822
2026-03-28,Freddy Fermin,RBI,0.3001
2026-03-28,Gavin Sheets,HR,0.1612
2026-03-28,Gavin Sheets,Hit,0.6881
2026-03-28,Gavin Sheets,TB,0.4358
2026-03-28,Gavin Sheets,Run,0.4651
2026-03-28,Gavin Sheets,RBI,0.4719
2026-03-28,Jackson Merrill,HR,0.152
2026-03-28,Jackson Merrill,Hit,0.6982
2026-03-28,Jackson Merrill,TB,0.4529
2026-03-28,Jackson Merrill,Run,0.4881
2026-03-28,Jackson Merrill,RBI,0.4833
2026-03-28,Jake Cronenworth,HR,0.0906
2026-03-28,Jake Cronenworth,Hit,0.6211
2026-03-28,Jake Cronenworth,TB,0.3339
2026-03-28,Jake Cronenworth,Run,0.4592
2026-03-28,Jake Cronenworth,RBI,0.4055
2026-03-28,Luis Campusano,HR,0.1363
2026-03-28,Luis Campusano,Hit,0.6621
2026-03-28,Luis Campusano,TB,0.3927
2026-03-28,Luis Campusano,Run,0.4107
2026-03-28,Luis Campusano,RBI,0.2364
2026-03-28,Manny Machado,HR,0.153
2026-03-28,Manny Machado,Hit,0.6918
2026-03-28,Manny Machado,TB,0.4153
2026-03-28,Manny Machado,Run,0.5124
2026-03-28,Manny Machado,RBI,0.4628
2026-03-28,Miguel Andujar,HR,0.1306
2026-03-28,Miguel Andujar,Hit,0.7609
2026-03-28,Miguel Andujar,TB,0.461
2026-03-28,Miguel Andujar,Run,0.4317
2026-03-28,Miguel Andujar,RBI,0.4334
2026-03-28,Alek Thomas,HR,0.0649
2026-03-28,Alek Thomas,Hit,0.558
2026-03-28,Alek Thomas,TB,0.2793
2026-03-28,Alek Thomas,Run,0.3593
2026-03-28,Alek Thomas,RBI,0.2421
2026-03-28,Carlos Santana,HR,0.072
2026-03-28,Carlos Santana,Hit,0.4706
2026-03-28,Carlos Santana,TB,0.1997
2026-03-28,Carlos Santana,Run,0.3579
2026-03-28,Carlos Santana,RBI,0.3018
2026-03-28,Corbin Carroll,HR,0.14
2026-03-28,Corbin Carroll,Hit,0.5247
2026-03-28,Corbin Carroll,TB,0.3482
2026-03-28,Corbin Carroll,Run,0.5031
2026-03-28,Corbin Carroll,RBI,0.339
2026-03-28,Gabriel Moreno,HR,0.0932
2026-03-28,Gabriel Moreno,Hit,0.5772
2026-03-28,Gabriel Moreno,TB,0.2859
2026-03-28,Gabriel Moreno,Run,0.4341
2026-03-28,Gabriel Moreno,RBI,0.3398
2026-03-28,Geraldo Perdomo,HR,0.0831
2026-03-28,Geraldo Perdomo,Hit,0.5392
2026-03-28,Geraldo Perdomo,TB,0.2783
2026-03-28,Geraldo Perdomo,Run,0.4171
2026-03-28,Geraldo Perdomo,RBI,0.3555
2026-03-28,Ildemaro Vargas,HR,0.0759
2026-03-28,Ildemaro Vargas,Hit,0.5568
2026-03-28,Ildemaro Vargas,TB,0.2375
2026-03-28,Ildemaro Vargas,Run,0.2999
2026-03-28,Ildemaro Vargas,RBI,0.3804
2026-03-28,James McCann,HR,0.0975
2026-03-28,James McCann,Hit,0.4994
2026-03-28,James McCann,TB,0.246
2026-03-28,James McCann,Run,0.3786
2026-03-28,James McCann,RBI,0.2939
2026-03-28,Jordan Lawlar,HR,0.0
2026-03-28,Jordan Lawlar,Hit,0.3656
2026-03-28,Jordan Lawlar,TB,0.2368
2026-03-28,Jordan Lawlar,Run,0.3219
2026-03-28,Jordan Lawlar,RBI,0.1689
2026-03-28,Jorge Barrosa,HR,0.0333
2026-03-28,Jorge Barrosa,Hit,0.3028
2026-03-28,Jorge Barrosa,TB,0.1378
2026-03-28,Jorge Barrosa,Run,0.2732
2026-03-28,Jorge Barrosa,RBI,0.2197
2026-03-28,Alex Call,HR,0.0953
2026-03-28,Alex Call,Hit,0.7635
2026-03-28,Alex Call,TB,0.4759
2026-03-28,Alex Call,Run,0.5678
2026-03-28,Alex Call,RBI,0.4398
2026-03-28,Alex Freeland,HR,0.1184
2026-03-28,Alex Freeland,Hit,0.6221
2026-03-28,Alex Freeland,TB,0.3396
2026-03-28,Alex Freeland,Run,0.4737
2026-03-28,Alex Freeland,RBI,0.3018
2026-03-28,Andy Pages,HR,0.229
2026-03-28,Andy Pages,Hit,0.7916
2026-03-28,Andy Pages,TB,0.5361
2026-03-28,Andy Pages,Run,0.5673
2026-03-28,Andy Pages,RBI,0.5481
2026-03-28,Dalton Rushing,HR,0.1445
2026-03-28,Dalton Rushing,Hit,0.6665
2026-03-28,Dalton Rushing,TB,0.3809
2026-03-28,Dalton Rushing,Run,0.4595
2026-03-28,Dalton Rushing,RBI,0.5902
2026-03-28,Freddie Freeman,HR,0.2059
2026-03-28,Freddie Freeman,Hit,0.7926
2026-03-28,Freddie Freeman,TB,0.5635
2026-03-28,Freddie Freeman,Run,0.5674
2026-03-28,Freddie Freeman,RBI,0.5612
2026-03-28,Kyle Tucker,HR,0.1942
2026-03-28,Kyle Tucker,Hit,0.7288
2026-03-28,Kyle Tucker,TB,0.4742
2026-03-28,Kyle Tucker,Run,0.6064
2026-03-28,Kyle Tucker,RBI,0.4962
2026-03-28,Max Muncy,HR,0.2226
2026-03-28,Max Muncy,Hit,0.6567
2026-03-28,Max Muncy,TB,0.4095
2026-03-28,Max Muncy,Run,0.5416
2026-03-28,Max Muncy,RBI,0.6019
2026-03-28,Miguel Rojas,HR,0.1112
2026-03-28,Miguel Rojas,Hit,0.7317
2026-03-28,Miguel Rojas,TB,0.4527
2026-03-28,Miguel Rojas,Run,0.4687
2026-03-28,Miguel Rojas,RBI,0.3551
2026-03-28,Mookie Betts,HR,0.1496
2026-03-28,Mookie Betts,Hit,0.7122
2026-03-28,Mookie Betts,TB,0.423
2026-03-28,Mookie Betts,Run,0.543
2026-03-28,Mookie Betts,RBI,0.4697
2026-03-28,Angel Martínez,HR,0.111
2026-03-28,Angel Martínez,Hit,0.6507
2026-03-28,Angel Martínez,TB,0.3969
2026-03-28,Angel Martínez,Run,0.475
2026-03-28,Angel Martínez,RBI,0.3613
2026-03-28,Austin Hedges,HR,0.1325
2026-03-28,Austin Hedges,Hit,0.4957
2026-03-28,Austin Hedges,TB,0.2542
2026-03-28,Austin Hedges,Run,0.3588
2026-03-28,Austin Hedges,RBI,0.2385
2026-03-28,Bo Naylor,HR,0.1487
2026-03-28,Bo Naylor,Hit,0.5576
2026-03-28,Bo Naylor,TB,0.3748
2026-03-28,Bo Naylor,Run,0.4689
2026-03-28,Bo Naylor,RBI,0.4162
2026-03-28,Brayan Rocchio,HR,0.0595
2026-03-28,Brayan Rocchio,Hit,0.6407
2026-03-28,Brayan Rocchio,TB,0.3484
2026-03-28,Brayan Rocchio,Run,0.3622
2026-03-28,Brayan Rocchio,RBI,0.418
2026-03-28,CJ Kayfus,HR,0.1309
2026-03-28,CJ Kayfus,Hit,0.6119
2026-03-28,CJ Kayfus,TB,0.4299
2026-03-28,CJ Kayfus,Run,0.4559
2026-03-28,CJ Kayfus,RBI,0.4775
2026-03-28,Chase DeLauter,HR,0.1215
2026-03-28,Chase DeLauter,Hit,0.6557
2026-03-28,Chase DeLauter,TB,0.3867
2026-03-28,Chase DeLauter,Run,0.3989
2026-03-28,Chase DeLauter,RBI,0.2241
2026-03-28,Daniel Schneemann,HR,0.1173
2026-03-28,Daniel Schneemann,Hit,0.5589
2026-03-28,Daniel Schneemann,TB,0.3286
2026-03-28,Daniel Schneemann,Run,0.4359
2026-03-28,Daniel Schneemann,RBI,0.3382
2026-03-28,David Fry,HR,0.1896
2026-03-28,David Fry,Hit,0.4974
2026-03-28,David Fry,TB,0.2979
2026-03-28,David Fry,Run,0.4231
2026-03-28,David Fry,RBI,0.4657
2026-03-28,Gabriel Arias,HR,0.0942
2026-03-28,Gabriel Arias,Hit,0.573
2026-03-28,Gabriel Arias,TB,0.3354
2026-03-28,Gabriel Arias,Run,0.3618
2026-03-28,Gabriel Arias,RBI,0.3791
2026-03-28,Brendan Donovan,HR,0.0579
2026-03-28,Brendan Donovan,Hit,0.5761
2026-03-28,Brendan Donovan,TB,0.3063
2026-03-28,Brendan Donovan,Run,0.386
2026-03-28,Brendan Donovan,RBI,0.2607
2026-03-28,Cal Raleigh,HR,0.2067
2026-03-28,Cal Raleigh,Hit,0.4652
2026-03-28,Cal Raleigh,TB,0.3075
2026-03-28,Cal Raleigh,Run,0.5044
2026-03-28,Cal Raleigh,RBI,0.4124
2026-03-28,Cole Young,HR,0.0457
2026-03-28,Cole Young,Hit,0.4329
2026-03-28,Cole Young,TB,0.1734
2026-03-28,Cole Young,Run,0.3049
2026-03-28,Cole Young,RBI,0.2383
2026-03-28,Dominic Canzone,HR,0.1011
2026-03-28,Dominic Canzone,Hit,0.5612
2026-03-28,Dominic Canzone,TB,0.2724
2026-03-28,Dominic Canzone,Run,0.3503
2026-03-28,Dominic Canzone,RBI,0.2857
2026-03-28,Josh Naylor,HR,0.0919
2026-03-28,Josh Naylor,Hit,0.5565
2026-03-28,Josh Naylor,TB,0.2808
2026-03-28,Josh Naylor,Run,0.3911
2026-03-28,Josh Naylor,RBI,0.3619
2026-03-28,Julio Rodríguez,HR,0.1071
2026-03-28,Julio Rodríguez,Hit,0.4975
2026-03-28,Julio Rodríguez,TB,0.2658
2026-03-28,Julio Rodríguez,Run,0.4101
2026-03-28,Julio Rodríguez,RBI,0.3051
2026-03-28,Leo Rivas,HR,0.0429
2026-03-28,Leo Rivas,Hit,0.4196
2026-03-28,Leo Rivas,TB,0.137
2026-03-28,Leo Rivas,Run,0.4671
2026-03-28,Leo Rivas,RBI,0.192
2026-03-28,Luke Raley,HR,0.0405
2026-03-28,Luke Raley,Hit,0.3638
2026-03-28,Luke Raley,TB,0.1587
2026-03-28,Luke Raley,Run,0.3038
2026-03-28,Luke Raley,RBI,0.1992
2026-03-28,Mitch Garver,HR,0.0735
2026-03-28,Mitch Garver,Hit,0.3812
2026-03-28,Mitch Garver,TB,0.1575
2026-03-28,Mitch Garver,Run,0.3043
2026-03-28,Mitch Garver,RBI,0.2347
2026-03-28,Ben Williamson,HR,0.0105
2026-03-28,Ben Williamson,Hit,0.6286
2026-03-28,Ben Williamson,TB,0.3071
2026-03-28,Ben Williamson,Run,0.4068
2026-03-28,Ben Williamson,RBI,0.2405
2026-03-28,Carson Williams,HR,0.1292
2026-03-28,Carson Williams,Hit,0.4393
2026-03-28,Carson Williams,TB,0.2449
2026-03-28,Carson Williams,Run,0.3834
2026-03-28,Carson Williams,RBI,0.3239
2026-03-28,Cedric Mullins,HR,0.0948
2026-03-28,Cedric Mullins,Hit,0.5113
2026-03-28,Cedric Mullins,TB,0.2845
2026-03-28,Cedric Mullins,Run,0.4129
2026-03-28,Cedric Mullins,RBI,0.3475
2026-03-28,Chandler Simpson,HR,0.0
2026-03-28,Chandler Simpson,Hit,0.683
2026-03-28,Chandler Simpson,TB,0.3268
2026-03-28,Chandler Simpson,Run,0.3726
2026-03-28,Chandler Simpson,RBI,0.1963
2026-03-28,Hunter Feduccia,HR,0.0
2026-03-28,Hunter Feduccia,Hit,0.3617
2026-03-28,Hunter Feduccia,TB,0.1736
2026-03-28,Hunter Feduccia,Run,0.167
2026-03-28,Hunter Feduccia,RBI,0.2348
2026-03-28,Jake Fraley,HR,0.0727
2026-03-28,Jake Fraley,Hit,0.5318
2026-03-28,Jake Fraley,TB,0.2635
2026-03-28,Jake Fraley,Run,0.4397
2026-03-28,Jake Fraley,RBI,0.2922
2026-03-28,Jonathan Aranda,HR,0.082
2026-03-28,Jonathan Aranda,Hit,0.6385
2026-03-28,Jonathan Aranda,TB,0.3317
2026-03-28,Jonathan Aranda,Run,0.4244
2026-03-28,Jonathan Aranda,RBI,0.3701
2026-03-28,Jonny DeLuca,HR,0.0
2026-03-28,Jonny DeLuca,Hit,0.7009
2026-03-28,Jonny DeLuca,TB,0.3682
2026-03-28,Jonny DeLuca,Run,0.256
2026-03-28,Jonny DeLuca,RBI,0.2042
2026-03-28,Junior Caminero,HR,0.1609
2026-03-28,Junior Caminero,Hit,0.5545
2026-03-28,Junior Caminero,TB,0.3224
2026-03-28,Junior Caminero,Run,0.4499
2026-03-28,Junior Caminero,RBI,0.4059
2026-03-28,Alec Burleson,HR,0.0841
2026-03-28,Alec Burleson,Hit,0.6139
2026-03-28,Alec Burleson,TB,0.332
2026-03-28,Alec Burleson,Run,0.3566
2026-03-28,Alec Burleson,RBI,0.337
2026-03-28,Iván Herrera,HR,0.1043
2026-03-28,Iván Herrera,Hit,0.5595
2026-03-28,Iván Herrera,TB,0.2727
2026-03-28,Iván Herrera,Run,0.3979
2026-03-28,Iván Herrera,RBI,0.3693
2026-03-28,JJ Wetherholt,HR,0.0785
2026-03-28,JJ Wetherholt,Hit,0.5298
2026-03-28,JJ Wetherholt,TB,0.2757
2026-03-28,JJ Wetherholt,Run,0.3356
2026-03-28,JJ Wetherholt,RBI,0.1589
2026-03-28,Jordan Walker,HR,0.0368
2026-03-28,Jordan Walker,Hit,0.4777
2026-03-28,Jordan Walker,TB,0.1985
2026-03-28,Jordan Walker,Run,0.3168
2026-03-28,Jordan Walker,RBI,0.2702
2026-03-28,José Fermín,HR,0.0334
2026-03-28,José Fermín,Hit,0.5612
2026-03-28,José Fermín,TB,0.2925
2026-03-28,José Fermín,Run,0.237
2026-03-28,José Fermín,RBI,0.3347
2026-03-28,Masyn Winn,HR,0.0411
2026-03-28,Masyn Winn,Hit,0.5186
2026-03-28,Masyn Winn,TB,0.2444
2026-03-28,Masyn Winn,Run,0.3804
2026-03-28,Masyn Winn,RBI,0.2467
2026-03-28,Nathan Church,HR,0.0348
2026-03-28,Nathan Church,Hit,0.369
2026-03-28,Nathan Church,TB,0.118
2026-03-28,Nathan Church,Run,0.3659
2026-03-28,Nathan Church,RBI,0.3025
2026-03-28,Nolan Gorman,HR,0.0775
2026-03-28,Nolan Gorman,Hit,0.4054
2026-03-28,Nolan Gorman,TB,0.1961
2026-03-28,Nolan Gorman,Run,0.3671
2026-03-28,Nolan Gorman,RBI,0.2701
2026-03-28,Pedro Pagés,HR,0.0611
2026-03-28,Pedro Pagés,Hit,0.4576
2026-03-28,Pedro Pagés,TB,0.202
2026-03-28,Pedro Pagés,Run,0.2892
2026-03-28,Pedro Pagés,RBI,0.2667
2026-03-28,Andrés Chaparro,HR,0.026
2026-03-28,Andrés Chaparro,Hit,0.3459
2026-03-28,Andrés Chaparro,TB,0.1223
2026-03-28,Andrés Chaparro,Run,0.1766
2026-03-28,Andrés Chaparro,RBI,0.1545
2026-03-28,Brady House,HR,0.0259
2026-03-28,Brady House,Hit,0.4175
2026-03-28,Brady House,TB,0.1578
2026-03-28,Brady House,Run,0.2318
2026-03-28,Brady House,RBI,0.2228
2026-03-28,CJ Abrams,HR,0.0547
2026-03-28,CJ Abrams,Hit,0.4331
2026-03-28,CJ Abrams,TB,0.2193
2026-03-28,CJ Abrams,Run,0.3507
2026-03-28,CJ Abrams,RBI,0.191
2026-03-28,Daylen Lile,HR,0.0476
2026-03-28,Daylen Lile,Hit,0.4779
2026-03-28,Daylen Lile,TB,0.2365
2026-03-28,Daylen Lile,Run,0.3403
2026-03-28,Daylen Lile,RBI,0.2283
2026-03-28,Drew Millas,HR,0.0
2026-03-28,Drew Millas,Hit,0.4778
2026-03-28,Drew Millas,TB,0.258
2026-03-28,Drew Millas,Run,0.2547
2026-03-28,Drew Millas,RBI,0.254
2026-03-28,Jacob Young,HR,0.0085
2026-03-28,Jacob Young,Hit,0.3752
2026-03-28,Jacob Young,TB,0.1159
2026-03-28,Jacob Young,Run,0.2252
2026-03-28,Jacob Young,RBI,0.1715
2026-03-28,James Wood,HR,0.0721
2026-03-28,James Wood,Hit,0.3633
2026-03-28,James Wood,TB,0.1876
2026-03-28,James Wood,Run,0.3425
2026-03-28,James Wood,RBI,0.2318
2026-03-28,Joey Wiemer,HR,0.0762
2026-03-28,Joey Wiemer,Hit,0.3507
2026-03-28,Joey Wiemer,TB,0.1565
2026-03-28,Joey Wiemer,Run,0.2562
2026-03-28,Joey Wiemer,RBI,0.3283
2026-03-28,Jorbit Vivas,HR,0.0242
2026-03-28,Jorbit Vivas,Hit,0.2435
2026-03-28,Jorbit Vivas,TB,0.0895
2026-03-28,Jorbit Vivas,Run,0.2294
2026-03-28,Jorbit Vivas,RBI,0.1423
2026-03-28,Alex Bregman,HR,0.1873
2026-03-28,Alex Bregman,Hit,0.8245
2026-03-28,Alex Bregman,TB,0.5926
2026-03-28,Alex Bregman,Run,0.6183
2026-03-28,Alex Bregman,RBI,0.5572
2026-03-28,Carson Kelly,HR,0.1994
2026-03-28,Carson Kelly,Hit,0.7774
2026-03-28,Carson Kelly,TB,0.5124
2026-03-28,Carson Kelly,Run,0.5656
2026-03-28,Carson Kelly,RBI,0.5308
2026-03-28,Dansby Swanson,HR,0.1712
2026-03-28,Dansby Swanson,Hit,0.775
2026-03-28,Dansby Swanson,TB,0.5055
2026-03-28,Dansby Swanson,Run,0.5833
2026-03-28,Dansby Swanson,RBI,0.5095
2026-03-28,Dylan Carlson,HR,0.119
2026-03-28,Dylan Carlson,Hit,0.6958
2026-03-28,Dylan Carlson,TB,0.4192
2026-03-28,Dylan Carlson,Run,0.3834
2026-03-28,Dylan Carlson,RBI,0.3854
2026-03-28,Ian Happ,HR,0.1697
2026-03-28,Ian Happ,Hit,0.7405
2026-03-28,Ian Happ,TB,0.4889
2026-03-28,Ian Happ,Run,0.5747
2026-03-28,Ian Happ,RBI,0.5059
2026-03-28,Matt Shaw,HR,0.1324
2026-03-28,Matt Shaw,Hit,0.7151
2026-03-28,Matt Shaw,TB,0.4654
2026-03-28,Matt Shaw,Run,0.5455
2026-03-28,Matt Shaw,RBI,0.4247
2026-03-28,Michael Busch,HR,0.2391
2026-03-28,Michael Busch,Hit,0.748
2026-03-28,Michael Busch,TB,0.5203
2026-03-28,Michael Busch,Run,0.5809
2026-03-28,Michael Busch,RBI,0.5672
2026-03-28,Michael Conforto,HR,0.1141
2026-03-28,Michael Conforto,Hit,0.6289
2026-03-28,Michael Conforto,TB,0.3628
2026-03-28,Michael Conforto,Run,0.462
2026-03-28,Michael Conforto,RBI,0.3305
2026-03-28,Miguel Amaya,HR,0.1578
2026-03-28,Miguel Amaya,Hit,0.7898
2026-03-28,Miguel Amaya,TB,0.5677
2026-03-28,Miguel Amaya,Run,0.5582
2026-03-28,Miguel Amaya,RBI,0.7611
2026-03-28,Andy Ibáñez,HR,0.0741
2026-03-28,Andy Ibáñez,Hit,0.6031
2026-03-28,Andy Ibáñez,TB,0.3109
2026-03-28,Andy Ibáñez,Run,0.4421
2026-03-28,Andy Ibáñez,RBI,0.357
2026-03-28,Austin Wynns,HR,0.1806
2026-03-28,Austin Wynns,Hit,0.6677
2026-03-28,Austin Wynns,TB,0.4421
2026-03-28,Austin Wynns,Run,0.4487
2026-03-28,Austin Wynns,RBI,0.5244
2026-03-28,Brent Rooker,HR,0.1417
2026-03-28,Brent Rooker,Hit,0.6079
2026-03-28,Brent Rooker,TB,0.3714
2026-03-28,Brent Rooker,Run,0.4751
2026-03-28,Brent Rooker,RBI,0.3803
2026-03-28,Carlos Cortes,HR,0.1325
2026-03-28,Carlos Cortes,Hit,0.6881
2026-03-28,Carlos Cortes,TB,0.449
2026-03-28,Carlos Cortes,Run,0.4046
2026-03-28,Carlos Cortes,RBI,0.409
2026-03-28,Darell Hernaiz,HR,0.0342
2026-03-28,Darell Hernaiz,Hit,0.5422
2026-03-28,Darell Hernaiz,TB,0.232
2026-03-28,Darell Hernaiz,Run,0.2998
2026-03-28,Darell Hernaiz,RBI,0.2541
2026-03-28,Denzel Clarke,HR,0.0612
2026-03-28,Denzel Clarke,Hit,0.5496
2026-03-28,Denzel Clarke,TB,0.2986
2026-03-28,Denzel Clarke,Run,0.364
2026-03-28,Denzel Clarke,RBI,0.1559
2026-03-28,Jacob Wilson,HR,0.0774
2026-03-28,Jacob Wilson,Hit,0.6595
2026-03-28,Jacob Wilson,TB,0.3488
2026-03-28,Jacob Wilson,Run,0.3802
2026-03-28,Jacob Wilson,RBI,0.3359
2026-03-28,Jeff McNeil,HR,0.0858
2026-03-28,Jeff McNeil,Hit,0.5278
2026-03-28,Jeff McNeil,TB,0.2887
2026-03-28,Jeff McNeil,Run,0.3291
2026-03-28,Jeff McNeil,RBI,0.3327
2026-03-28,Lawrence Butler,HR,0.0966
2026-03-28,Lawrence Butler,Hit,0.5108
2026-03-28,Lawrence Butler,TB,0.2728
2026-03-28,Lawrence Butler,Run,0.4114
2026-03-28,Lawrence Butler,RBI,0.2726
2026-03-28,Addison Barger,HR,0.2099
2026-03-28,Addison Barger,Hit,0.7428
2026-03-28,Addison Barger,TB,0.5311
2026-03-28,Addison Barger,Run,0.5558
2026-03-28,Addison Barger,RBI,0.5743
2026-03-28,Alejandro Kirk,HR,0.1573
2026-03-28,Alejandro Kirk,Hit,0.8061
2026-03-28,Alejandro Kirk,TB,0.5216
2026-03-28,Alejandro Kirk,Run,0.4708
2026-03-28,Alejandro Kirk,RBI,0.5982
2026-03-28,Andrés Giménez,HR,0.1012
2026-03-28,Andrés Giménez,Hit,0.6752
2026-03-28,Andrés Giménez,TB,0.3768
2026-03-28,Andrés Giménez,Run,0.4718
2026-03-28,Andrés Giménez,RBI,0.4163
2026-03-28,Daulton Varsho,HR,0.3325
2026-03-28,Daulton Varsho,Hit,0.7134
2026-03-28,Daulton Varsho,TB,0.5514
2026-03-28,Daulton Varsho,Run,0.6523
2026-03-28,Daulton Varsho,RBI,0.6867
2026-03-28,Davis Schneider,HR,0.2218
2026-03-28,Davis Schneider,Hit,0.6632
2026-03-28,Davis Schneider,TB,0.3992
2026-03-28,Davis Schneider,Run,0.5928
2026-03-28,Davis Schneider,RBI,0.5237
2026-03-28,Ernie Clement,HR,0.0765
2026-03-28,Ernie Clement,Hit,0.7728
2026-03-28,Ernie Clement,TB,0.4947
2026-03-28,Ernie Clement,Run,0.5459
2026-03-28,Ernie Clement,RBI,0.3512
2026-03-28,George Springer,HR,0.2478
2026-03-28,George Springer,Hit,0.7798
2026-03-28,George Springer,TB,0.5326
2026-03-28,George Springer,Run,0.6665
2026-03-28,George Springer,RBI,0.5327
2026-03-28,Jesús Sánchez,HR,0.1376
2026-03-28,Jesús Sánchez,Hit,0.6883
2026-03-28,Jesús Sánchez,TB,0.4217
2026-03-28,Jesús Sánchez,Run,0.504
2026-03-28,Jesús Sánchez,RBI,0.3914
2026-03-28,Kazuma Okamoto,HR,0.1379
2026-03-28,Kazuma Okamoto,Hit,0.6875
2026-03-28,Kazuma Okamoto,TB,0.4154
2026-03-28,Kazuma Okamoto,Run,0.426
2026-03-28,Kazuma Okamoto,RBI,0.2414
2026-03-28,Austin Martin,HR,0.0268
2026-03-28,Austin Martin,Hit,0.7194
2026-03-28,Austin Martin,TB,0.4104
2026-03-28,Austin Martin,Run,0.4543
2026-03-28,Austin Martin,RBI,0.1655
2026-03-28,Brooks Lee,HR,0.1276
2026-03-28,Brooks Lee,Hit,0.6767
2026-03-28,Brooks Lee,TB,0.3714
2026-03-28,Brooks Lee,Run,0.4249
2026-03-28,Brooks Lee,RBI,0.4462
2026-03-28,Byron Buxton,HR,0.2334
2026-03-28,Byron Buxton,Hit,0.6872
2026-03-28,Byron Buxton,TB,0.4646
2026-03-28,Byron Buxton,Run,0.6228
2026-03-28,Byron Buxton,RBI,0.505
2026-03-28,James Outman,HR,0.1533
2026-03-28,James Outman,Hit,0.4135
2026-03-28,James Outman,TB,0.3023
2026-03-28,James Outman,Run,0.4754
2026-03-28,James Outman,RBI,0.2716
2026-03-28,Josh Bell,HR,0.1575
2026-03-28,Josh Bell,Hit,0.6282
2026-03-28,Josh Bell,TB,0.3542
2026-03-28,Josh Bell,Run,0.4353
2026-03-28,Josh Bell,RBI,0.4094
2026-03-28,Kody Clemens,HR,0.1813
2026-03-28,Kody Clemens,Hit,0.5758
2026-03-28,Kody Clemens,TB,0.3597
2026-03-28,Kody Clemens,Run,0.47
2026-03-28,Kody Clemens,RBI,0.4318
2026-03-28,Luke Keaschall,HR,0.0767
2026-03-28,Luke Keaschall,Hit,0.714
2026-03-28,Luke Keaschall,TB,0.4256
2026-03-28,Luke Keaschall,Run,0.4418
2026-03-28,Luke Keaschall,RBI,0.4456
2026-03-28,Matt Wallner,HR,0.1875
2026-03-28,Matt Wallner,Hit,0.5039
2026-03-28,Matt Wallner,TB,0.3422
2026-03-28,Matt Wallner,Run,0.4585
2026-03-28,Matt Wallner,RBI,0.3302
2026-03-28,Royce Lewis,HR,0.1102
2026-03-28,Royce Lewis,Hit,0.6158
2026-03-28,Royce Lewis,TB,0.3357
2026-03-28,Royce Lewis,Run,0.3614
2026-03-28,Royce Lewis,RBI,0.4071
2026-03-28,Adley Rutschman,HR,0.1041
2026-03-28,Adley Rutschman,Hit,0.6185
2026-03-28,Adley Rutschman,TB,0.3719
2026-03-28,Adley Rutschman,Run,0.4359
2026-03-28,Adley Rutschman,RBI,0.3095
2026-03-28,Blaze Alexander,HR,0.1073
2026-03-28,Blaze Alexander,Hit,0.6106
2026-03-28,Blaze Alexander,TB,0.3587
2026-03-28,Blaze Alexander,Run,0.4625
2026-03-28,Blaze Alexander,RBI,0.3735
2026-03-28,Coby Mayo,HR,0.1361
2026-03-28,Coby Mayo,Hit,0.5821
2026-03-28,Coby Mayo,TB,0.3385
2026-03-28,Coby Mayo,Run,0.421
2026-03-28,Coby Mayo,RBI,0.3331
2026-03-28,Colton Cowser,HR,0.1617
2026-03-28,Colton Cowser,Hit,0.54
2026-03-28,Colton Cowser,TB,0.3308
2026-03-28,Colton Cowser,Run,0.4196
2026-03-28,Colton Cowser,RBI,0.3747
2026-03-28,Dylan Beavers,HR,0.1073
2026-03-28,Dylan Beavers,Hit,0.554
2026-03-28,Dylan Beavers,TB,0.3054
2026-03-28,Dylan Beavers,Run,0.455
2026-03-28,Dylan Beavers,RBI,0.3483
2026-03-28,Gunnar Henderson,HR,0.0942
2026-03-28,Gunnar Henderson,Hit,0.6659
2026-03-28,Gunnar Henderson,TB,0.3927
2026-03-28,Gunnar Henderson,Run,0.4699
2026-03-28,Gunnar Henderson,RBI,0.3525
2026-03-28,Jeremiah Jackson,HR,0.0967
2026-03-28,Jeremiah Jackson,Hit,0.6751
2026-03-28,Jeremiah Jackson,TB,0.4059
2026-03-28,Jeremiah Jackson,Run,0.4038
2026-03-28,Jeremiah Jackson,RBI,0.3718
2026-03-28,Leody Taveras,HR,0.0544
2026-03-28,Leody Taveras,Hit,0.5577
2026-03-28,Leody Taveras,TB,0.2702
2026-03-28,Leody Taveras,Run,0.2791
2026-03-28,Leody Taveras,RBI,0.3148
2026-03-28,Pete Alonso,HR,0.1676
2026-03-28,Pete Alonso,Hit,0.6163
2026-03-28,Pete Alonso,TB,0.3869
2026-03-28,Pete Alonso,Run,0.4468
2026-03-28,Pete Alonso,RBI,0.4985
2026-03-28,Andrew McCutchen,HR,0.1307
2026-03-28,Andrew McCutchen,Hit,0.7867
2026-03-28,Andrew McCutchen,TB,0.5096
2026-03-28,Andrew McCutchen,Run,0.4828
2026-03-28,Andrew McCutchen,RBI,0.5041
2026-03-28,Brandon Nimmo,HR,0.1872
2026-03-28,Brandon Nimmo,Hit,0.8135
2026-03-28,Brandon Nimmo,TB,0.555
2026-03-28,Brandon Nimmo,Run,0.594
2026-03-28,Brandon Nimmo,RBI,0.6035
2026-03-28,Corey Seager,HR,0.2413
2026-03-28,Corey Seager,Hit,0.8118
2026-03-28,Corey Seager,TB,0.5734
2026-03-28,Corey Seager,Run,0.6419
2026-03-28,Corey Seager,RBI,0.5144
2026-03-28,Danny Jansen,HR,0.1941
2026-03-28,Danny Jansen,Hit,0.6955
2026-03-28,Danny Jansen,TB,0.4391
2026-03-28,Danny Jansen,Run,0.537
2026-03-28,Danny Jansen,RBI,0.4708
2026-03-28,Evan Carter,HR,0.1114
2026-03-28,Evan Carter,Hit,0.7747
2026-03-28,Evan Carter,TB,0.5031
2026-03-28,Evan Carter,Run,0.5932
2026-03-28,Evan Carter,RBI,0.5
2026-03-28,Ezequiel Duran,HR,0.0
2026-03-28,Ezequiel Duran,Hit,0.7555
2026-03-28,Ezequiel Duran,TB,0.469
2026-03-28,Ezequiel Duran,Run,0.3524
2026-03-28,Ezequiel Duran,RBI,0.3151
2026-03-28,Jake Burger,HR,0.1903
2026-03-28,Jake Burger,Hit,0.7553
2026-03-28,Jake Burger,TB,0.4972
2026-03-28,Jake Burger,Run,0.5422
2026-03-28,Jake Burger,RBI,0.5563
2026-03-28,Joc Pederson,HR,0.136
2026-03-28,Joc Pederson,Hit,0.6066
2026-03-28,Joc Pederson,TB,0.357
2026-03-28,Joc Pederson,Run,0.4256
2026-03-28,Joc Pederson,RBI,0.3754
2026-03-28,Josh Jung,HR,0.1246
2026-03-28,Josh Jung,Hit,0.7727
2026-03-28,Josh Jung,TB,0.4868
2026-03-28,Josh Jung,Run,0.4723
2026-03-28,Josh Jung,RBI,0.4902
2026-03-28,Adolis García,HR,0.0665
2026-03-28,Adolis García,Hit,0.3993
2026-03-28,Adolis García,TB,0.2059
2026-03-28,Adolis García,Run,0.2936
2026-03-28,Adolis García,RBI,0.2748
2026-03-28,Alec Bohm,HR,0.0412
2026-03-28,Alec Bohm,Hit,0.4806
2026-03-28,Alec Bohm,TB,0.1926
2026-03-28,Alec Bohm,Run,0.2692
2026-03-28,Alec Bohm,RBI,0.2413
2026-03-28,Brandon Marsh,HR,0.0475
2026-03-28,Brandon Marsh,Hit,0.4468
2026-03-28,Brandon Marsh,TB,0.2193
2026-03-28,Brandon Marsh,Run,0.3449
2026-03-28,Brandon Marsh,RBI,0.2021
2026-03-28,Bryce Harper,HR,0.0831
2026-03-28,Bryce Harper,Hit,0.4013
2026-03-28,Bryce Harper,TB,0.2135
2026-03-28,Bryce Harper,Run,0.3533
2026-03-28,Bryce Harper,RBI,0.2438
2026-03-28,Bryson Stott,HR,0.038
2026-03-28,Bryson Stott,Hit,0.408
2026-03-28,Bryson Stott,TB,0.1687
2026-03-28,Bryson Stott,Run,0.3106
2026-03-28,Bryson Stott,RBI,0.2281
2026-03-28,Dylan Moore,HR,0.0759
2026-03-28,Dylan Moore,Hit,0.3103
2026-03-28,Dylan Moore,TB,0.1303
2026-03-28,Dylan Moore,Run,0.3558
2026-03-28,Dylan Moore,RBI,0.1839
2026-03-28,Edmundo Sosa,HR,0.0702
2026-03-28,Edmundo Sosa,Hit,0.413
2026-03-28,Edmundo Sosa,TB,0.192
2026-03-28,Edmundo Sosa,Run,0.2662
2026-03-28,Edmundo Sosa,RBI,0.2546
2026-03-28,J.T. Realmuto,HR,0.0338
2026-03-28,J.T. Realmuto,Hit,0.3861
2026-03-28,J.T. Realmuto,TB,0.1556
2026-03-28,J.T. Realmuto,Run,0.2452
2026-03-28,J.T. Realmuto,RBI,0.1687
2026-03-28,Justin Crawford,HR,0.0289
2026-03-28,Justin Crawford,Hit,0.3834
2026-03-28,Justin Crawford,TB,0.1356
2026-03-28,Justin Crawford,Run,0.2528
2026-03-28,Justin Crawford,RBI,0.1563
2026-03-28,Andruw Monasterio,HR,0.0701
2026-03-28,Andruw Monasterio,Hit,0.5763
2026-03-28,Andruw Monasterio,TB,0.323
2026-03-28,Andruw Monasterio,Run,0.4193
2026-03-28,Andruw Monasterio,RBI,0.3136
2026-03-28,Caleb Durbin,HR,0.0541
2026-03-28,Caleb Durbin,Hit,0.5247
2026-03-28,Caleb Durbin,TB,0.2546
2026-03-28,Caleb Durbin,Run,0.3642
2026-03-28,Caleb Durbin,RBI,0.2769
2026-03-28,Carlos Narváez,HR,0.0724
2026-03-28,Carlos Narváez,Hit,0.4962
2026-03-28,Carlos Narváez,TB,0.2731
2026-03-28,Carlos Narváez,Run,0.3616
2026-03-28,Carlos Narváez,RBI,0.2789
2026-03-28,Ceddanne Rafaela,HR,0.0637
2026-03-28,Ceddanne Rafaela,Hit,0.5203
2026-03-28,Ceddanne Rafaela,TB,0.2822
2026-03-28,Ceddanne Rafaela,Run,0.406
2026-03-28,Ceddanne Rafaela,RBI,0.2684
2026-03-28,Connor Wong,HR,0.0
2026-03-28,Connor Wong,Hit,0.4119
2026-03-28,Connor Wong,TB,0.1605
2026-03-28,Connor Wong,Run,0.2573
2026-03-28,Connor Wong,RBI,0.1045
2026-03-28,Isiah Kiner-Falefa,HR,0.0107
2026-03-28,Isiah Kiner-Falefa,Hit,0.5449
2026-03-28,Isiah Kiner-Falefa,TB,0.235
2026-03-28,Isiah Kiner-Falefa,Run,0.2757
2026-03-28,Isiah Kiner-Falefa,RBI,0.2282
2026-03-28,Jarren Duran,HR,0.047
2026-03-28,Jarren Duran,Hit,0.4879
2026-03-28,Jarren Duran,TB,0.2698
2026-03-28,Jarren Duran,Run,0.3471
2026-03-28,Jarren Duran,RBI,0.2822
2026-03-28,Marcelo Mayer,HR,0.0564
2026-03-28,Marcelo Mayer,Hit,0.4432
2026-03-28,Marcelo Mayer,TB,0.2424
2026-03-28,Marcelo Mayer,Run,0.3744
2026-03-28,Marcelo Mayer,RBI,0.1639
2026-03-28,Masataka Yoshida,HR,0.0385
2026-03-28,Masataka Yoshida,Hit,0.5028
2026-03-28,Masataka Yoshida,TB,0.2337
2026-03-28,Masataka Yoshida,Run,0.2248
2026-03-28,Masataka Yoshida,RBI,0.2877
2026-03-28,Dane Myers,HR,0.0711
2026-03-28,Dane Myers,Hit,0.6731
2026-03-28,Dane Myers,TB,0.3397
2026-03-28,Dane Myers,Run,0.3789
2026-03-28,Dane Myers,RBI,0.3508
2026-03-28,Elly De La Cruz,HR,0.1128
2026-03-28,Elly De La Cruz,Hit,0.6946
2026-03-28,Elly De La Cruz,TB,0.4237
2026-03-28,Elly De La Cruz,Run,0.5406
2026-03-28,Elly De La Cruz,RBI,0.4275
2026-03-28,Eugenio Suárez,HR,0.2293
2026-03-28,Eugenio Suárez,Hit,0.5841
2026-03-28,Eugenio Suárez,TB,0.3968
2026-03-28,Eugenio Suárez,Run,0.5253
2026-03-28,Eugenio Suárez,RBI,0.5269
2026-03-28,Jose Trevino,HR,0.05
2026-03-28,Jose Trevino,Hit,0.6676
2026-03-28,Jose Trevino,TB,0.3965
2026-03-28,Jose Trevino,Run,0.3849
2026-03-28,Jose Trevino,RBI,0.2757
2026-03-28,Ke'Bryan Hayes,HR,0.0316
2026-03-28,Ke'Bryan Hayes,Hit,0.643
2026-03-28,Ke'Bryan Hayes,TB,0.3065
2026-03-28,Ke'Bryan Hayes,Run,0.3425
2026-03-28,Ke'Bryan Hayes,RBI,0.3191
2026-03-28,Matt McLain,HR,0.0815
2026-03-28,Matt McLain,Hit,0.5773
2026-03-28,Matt McLain,TB,0.2872
2026-03-28,Matt McLain,Run,0.4534
2026-03-28,Matt McLain,RBI,0.3009
2026-03-28,Nathaniel Lowe,HR,0.09
2026-03-28,Nathaniel Lowe,Hit,0.5805
2026-03-28,Nathaniel Lowe,TB,0.3114
2026-03-28,Nathaniel Lowe,Run,0.3944
2026-03-28,Nathaniel Lowe,RBI,0.432
2026-03-28,Noelvi Marte,HR,0.1141
2026-03-28,Noelvi Marte,Hit,0.6501
2026-03-28,Noelvi Marte,TB,0.3711
2026-03-28,Noelvi Marte,Run,0.4338
2026-03-28,Noelvi Marte,RBI,0.4236
2026-03-28,Sal Stewart,HR,0.241
2026-03-28,Sal Stewart,Hit,0.6135
2026-03-28,Sal Stewart,TB,0.3594
2026-03-28,Sal Stewart,Run,0.5793
2026-03-28,Sal Stewart,RBI,0.3864
2026-03-28,Billy Cook,HR,0.0443
2026-03-28,Billy Cook,Hit,0.3469
2026-03-28,Billy Cook,TB,0.1562
2026-03-28,Billy Cook,Run,0.251
2026-03-28,Billy Cook,RBI,0.0925
2026-03-28,Brandon Lowe,HR,0.0827
2026-03-28,Brandon Lowe,Hit,0.3458
2026-03-28,Brandon Lowe,TB,0.1567
2026-03-28,Brandon Lowe,Run,0.3312
2026-03-28,Brandon Lowe,RBI,0.2308
2026-03-28,Bryan Reynolds,HR,0.0353
2026-03-28,Bryan Reynolds,Hit,0.3299
2026-03-28,Bryan Reynolds,TB,0.154
2026-03-28,Bryan Reynolds,Run,0.259
2026-03-28,Bryan Reynolds,RBI,0.1744
2026-03-28,Henry Davis,HR,0.0388
2026-03-28,Henry Davis,Hit,0.2344
2026-03-28,Henry Davis,TB,0.0917
2026-03-28,Henry Davis,Run,0.2197
2026-03-28,Henry Davis,RBI,0.1303
2026-03-28,Jake Mangum,HR,0.0105
2026-03-28,Jake Mangum,Hit,0.3993
2026-03-28,Jake Mangum,TB,0.1321
2026-03-28,Jake Mangum,Run,0.1689
2026-03-28,Jake Mangum,RBI,0.1478
2026-03-28,Jared Triolo,HR,0.0239
2026-03-28,Jared Triolo,Hit,0.2902
2026-03-28,Jared Triolo,TB,0.1243
2026-03-28,Jared Triolo,Run,0.2561
2026-03-28,Jared Triolo,RBI,0.0967
2026-03-28,Joey Bart,HR,0.0156
2026-03-28,Joey Bart,Hit,0.3004
2026-03-28,Joey Bart,TB,0.0973
2026-03-28,Joey Bart,Run,0.1581
2026-03-28,Joey Bart,RBI,0.131
2026-03-28,Marcell Ozuna,HR,0.0468
2026-03-28,Marcell Ozuna,Hit,0.2553
2026-03-28,Marcell Ozuna,TB,0.1028
2026-03-28,Marcell Ozuna,Run,0.2656
2026-03-28,Marcell Ozuna,RBI,0.1589
2026-03-28,Nick Gonzales,HR,0.0169
2026-03-28,Nick Gonzales,Hit,0.3326
2026-03-28,Nick Gonzales,TB,0.1201
2026-03-28,Nick Gonzales,Run,0.1796
2026-03-28,Nick Gonzales,RBI,0.1093
2026-03-28,Bo Bichette,HR,0.0857
2026-03-28,Bo Bichette,Hit,0.6882
2026-03-28,Bo Bichette,TB,0.4116
2026-03-28,Bo Bichette,Run,0.4228
2026-03-28,Bo Bichette,RBI,0.4298
2026-03-28,Brett Baty,HR,0.1127
2026-03-28,Brett Baty,Hit,0.5751
2026-03-28,Brett Baty,TB,0.3002
2026-03-28,Brett Baty,Run,0.4274
2026-03-28,Brett Baty,RBI,0.3246
2026-03-28,Carson Benge,HR,0.0834
2026-03-28,Carson Benge,Hit,0.5602
2026-03-28,Carson Benge,TB,0.2952
2026-03-28,Carson Benge,Run,0.3495
2026-03-28,Carson Benge,RBI,0.1725
2026-03-28,Francisco Alvarez,HR,0.1105
2026-03-28,Francisco Alvarez,Hit,0.5617
2026-03-28,Francisco Alvarez,TB,0.3091
2026-03-28,Francisco Alvarez,Run,0.4006
2026-03-28,Francisco Alvarez,RBI,0.3232
2026-03-28,Francisco Lindor,HR,0.1098
2026-03-28,Francisco Lindor,Hit,0.5627
2026-03-28,Francisco Lindor,TB,0.3081
2026-03-28,Francisco Lindor,Run,0.4903
2026-03-28,Francisco Lindor,RBI,0.3164
2026-03-28,Jared Young,HR,0.2115
2026-03-28,Jared Young,Hit,0.419
2026-03-28,Jared Young,TB,0.2802
2026-03-28,Jared Young,Run,0.3824
2026-03-28,Jared Young,RBI,0.3226
2026-03-28,Jorge Polanco,HR,0.1329
2026-03-28,Jorge Polanco,Hit,0.5443
2026-03-28,Jorge Polanco,TB,0.3195
2026-03-28,Jorge Polanco,Run,0.3989
2026-03-28,Jorge Polanco,RBI,0.3709
2026-03-28,Juan Soto,HR,0.14
2026-03-28,Juan Soto,Hit,0.4897
2026-03-28,Juan Soto,TB,0.2558
2026-03-28,Juan Soto,Run,0.5086
2026-03-28,Juan Soto,RBI,0.3566
2026-03-28,Luis Robert Jr.,HR,0.0782
2026-03-28,Luis Robert Jr.,Hit,0.4642
2026-03-28,Luis Robert Jr.,TB,0.2035
2026-03-28,Luis Robert Jr.,Run,0.3685
2026-03-28,Luis Robert Jr.,RBI,0.3109
2026-03-28,Braxton Fulford,HR,0.0278
2026-03-28,Braxton Fulford,Hit,0.5397
2026-03-28,Braxton Fulford,TB,0.2835
2026-03-28,Braxton Fulford,Run,0.3337
2026-03-28,Braxton Fulford,RBI,0.4059
2026-03-28,Brenton Doyle,HR,0.0933
2026-03-28,Brenton Doyle,Hit,0.5828
2026-03-28,Brenton Doyle,TB,0.3218
2026-03-28,Brenton Doyle,Run,0.3845
2026-03-28,Brenton Doyle,RBI,0.3316
2026-03-28,Brett Sullivan,HR,0.1009
2026-03-28,Brett Sullivan,Hit,0.5869
2026-03-28,Brett Sullivan,TB,0.3204
2026-03-28,Brett Sullivan,Run,0.3605
2026-03-28,Brett Sullivan,RBI,0.1925
2026-03-28,Edouard Julien,HR,0.0499
2026-03-28,Edouard Julien,Hit,0.5254
2026-03-28,Edouard Julien,TB,0.2697
2026-03-28,Edouard Julien,Run,0.25
2026-03-28,Edouard Julien,RBI,0.1899
2026-03-28,Ezequiel Tovar,HR,0.0759
2026-03-28,Ezequiel Tovar,Hit,0.5919
2026-03-28,Ezequiel Tovar,TB,0.3236
2026-03-28,Ezequiel Tovar,Run,0.377
2026-03-28,Ezequiel Tovar,RBI,0.2674
2026-03-28,Hunter Goodman,HR,0.163
2026-03-28,Hunter Goodman,Hit,0.6282
2026-03-28,Hunter Goodman,TB,0.3835
2026-03-28,Hunter Goodman,Run,0.4397
2026-03-28,Hunter Goodman,RBI,0.4303
2026-03-28,Jake McCarthy,HR,0.0555
2026-03-28,Jake McCarthy,Hit,0.5004
2026-03-28,Jake McCarthy,TB,0.2595
2026-03-28,Jake McCarthy,Run,0.2808
2026-03-28,Jake McCarthy,RBI,0.2688
2026-03-28,Jordan Beck,HR,0.0838
2026-03-28,Jordan Beck,Hit,0.5809
2026-03-28,Jordan Beck,TB,0.3094
2026-03-28,Jordan Beck,Run,0.3621
2026-03-28,Jordan Beck,RBI,0.2649
2026-03-28,Kyle Karros,HR,0.0196
2026-03-28,Kyle Karros,Hit,0.5042
2026-03-28,Kyle Karros,TB,0.1759
2026-03-28,Kyle Karros,Run,0.3758
2026-03-28,Kyle Karros,RBI,0.1716
2026-03-28,Agustín Ramírez,HR,0.2096
2026-03-28,Agustín Ramírez,Hit,0.7718
2026-03-28,Agustín Ramírez,TB,0.5525
2026-03-28,Agustín Ramírez,Run,0.5903
2026-03-28,Agustín Ramírez,RBI,0.5275
2026-03-28,Austin Slater,HR,0.1781
2026-03-28,Austin Slater,Hit,0.7365
2026-03-28,Austin Slater,TB,0.4852
2026-03-28,Austin Slater,Run,0.6137
2026-03-28,Austin Slater,RBI,0.3898
2026-03-28,Connor Norby,HR,0.1356
2026-03-28,Connor Norby,Hit,0.7831
2026-03-28,Connor Norby,TB,0.5262
2026-03-28,Connor Norby,Run,0.5685
2026-03-28,Connor Norby,RBI,0.4608
2026-03-28,Deyvison De Los Santos,HR,0.1703
2026-03-28,Deyvison De Los Santos,Hit,0.7757
2026-03-28,Deyvison De Los Santos,TB,0.5124
2026-03-28,Deyvison De Los Santos,Run,0.4936
2026-03-28,Deyvison De Los Santos,RBI,0.3011
2026-03-28,Graham Pauley,HR,0.1213
2026-03-28,Graham Pauley,Hit,0.6972
2026-03-28,Graham Pauley,TB,0.437
2026-03-28,Graham Pauley,Run,0.4672
2026-03-28,Graham Pauley,RBI,0.2942
2026-03-28,Griffin Conine,HR,0.1254
2026-03-28,Griffin Conine,Hit,0.7678
2026-03-28,Griffin Conine,TB,0.5452
2026-03-28,Griffin Conine,Run,0.5964
2026-03-28,Griffin Conine,RBI,0.4109
2026-03-28,Heriberto Hernández,HR,0.1756
2026-03-28,Heriberto Hernández,Hit,0.7617
2026-03-28,Heriberto Hernández,TB,0.4846
2026-03-28,Heriberto Hernández,Run,0.573
2026-03-28,Heriberto Hernández,RBI,0.5932
2026-03-28,Jakob Marsee,HR,0.1088
2026-03-28,Jakob Marsee,Hit,0.7967
2026-03-28,Jakob Marsee,TB,0.56
2026-03-28,Jakob Marsee,Run,0.5039
2026-03-28,Jakob Marsee,RBI,0.5356
2026-03-28,Javier Sanoja,HR,0.0934
2026-03-28,Javier Sanoja,Hit,0.7239
2026-03-28,Javier Sanoja,TB,0.4759
2026-03-28,Javier Sanoja,Run,0.4755
2026-03-28,Javier Sanoja,RBI,0.4552
2026-03-28,Adam Frazier,HR,0.0752
2026-03-28,Adam Frazier,Hit,0.7287
2026-03-28,Adam Frazier,TB,0.4228
2026-03-28,Adam Frazier,Run,0.401
2026-03-28,Adam Frazier,RBI,0.3826
2026-03-28,Bryce Teodosio,HR,0.0298
2026-03-28,Bryce Teodosio,Hit,0.6012
2026-03-28,Bryce Teodosio,TB,0.3397
2026-03-28,Bryce Teodosio,Run,0.332
2026-03-28,Bryce Teodosio,RBI,0.1931
2026-03-28,Jeimer Candelario,HR,0.1008
2026-03-28,Jeimer Candelario,Hit,0.374
2026-03-28,Jeimer Candelario,TB,0.2062
2026-03-28,Jeimer Candelario,Run,0.2154
2026-03-28,Jeimer Candelario,RBI,0.374
2026-03-28,Jo Adell,HR,0.2592
2026-03-28,Jo Adell,Hit,0.6506
2026-03-28,Jo Adell,TB,0.4221
2026-03-28,Jo Adell,Run,0.5073
2026-03-28,Jo Adell,RBI,0.553
2026-03-28,Jorge Soler,HR,0.1521
2026-03-28,Jorge Soler,Hit,0.5764
2026-03-28,Jorge Soler,TB,0.3385
2026-03-28,Jorge Soler,Run,0.4162
2026-03-28,Jorge Soler,RBI,0.3753
2026-03-28,Josh Lowe,HR,0.11
2026-03-28,Josh Lowe,Hit,0.6008
2026-03-28,Josh Lowe,TB,0.3483
2026-03-28,Josh Lowe,Run,0.467
2026-03-28,Josh Lowe,RBI,0.3373
2026-03-28,Logan O'Hoppe,HR,0.1598
2026-03-28,Logan O'Hoppe,Hit,0.5904
2026-03-28,Logan O'Hoppe,TB,0.3077
2026-03-28,Logan O'Hoppe,Run,0.361
2026-03-28,Logan O'Hoppe,RBI,0.3345
2026-03-28,Mike Trout,HR,0.1731
2026-03-28,Mike Trout,Hit,0.5683
2026-03-28,Mike Trout,TB,0.3208
2026-03-28,Mike Trout,Run,0.4994
2026-03-28,Mike Trout,RBI,0.3897
2026-03-28,Nolan Schanuel,HR,0.0855
2026-03-28,Nolan Schanuel,Hit,0.6405
2026-03-28,Nolan Schanuel,TB,0.3369
2026-03-28,Nolan Schanuel,Run,0.4091
2026-03-28,Nolan Schanuel,RBI,0.3251
2026-03-28,Brice Matthews,HR,0.2042
2026-03-28,Brice Matthews,Hit,0.3371
2026-03-28,Brice Matthews,TB,0.2143
2026-03-28,Brice Matthews,Run,0.3914
2026-03-28,Brice Matthews,RBI,0.3371
2026-03-28,Cam Smith,HR,0.044
2026-03-28,Cam Smith,Hit,0.46
2026-03-28,Cam Smith,TB,0.213
2026-03-28,Cam Smith,Run,0.3363
2026-03-28,Cam Smith,RBI,0.247
2026-03-28,Carlos Correa,HR,0.0606
2026-03-28,Carlos Correa,Hit,0.5134
2026-03-28,Carlos Correa,TB,0.2414
2026-03-28,Carlos Correa,Run,0.3219
2026-03-28,Carlos Correa,RBI,0.215
2026-03-28,Christian Vázquez,HR,0.0331
2026-03-28,Christian Vázquez,Hit,0.3702
2026-03-28,Christian Vázquez,TB,0.143
2026-03-28,Christian Vázquez,Run,0.2146
2026-03-28,Christian Vázquez,RBI,0.155
2026-03-28,Christian Walker,HR,0.0936
2026-03-28,Christian Walker,Hit,0.4295
2026-03-28,Christian Walker,TB,0.2121
2026-03-28,Christian Walker,Run,0.3271
2026-03-28,Christian Walker,RBI,0.2911
2026-03-28,Isaac Paredes,HR,0.1003
2026-03-28,Isaac Paredes,Hit,0.425
2026-03-28,Isaac Paredes,TB,0.2126
2026-03-28,Isaac Paredes,Run,0.3654
2026-03-28,Isaac Paredes,RBI,0.2578
2026-03-28,Jake Meyers,HR,0.0178
2026-03-28,Jake Meyers,Hit,0.4981
2026-03-28,Jake Meyers,TB,0.1966
2026-03-28,Jake Meyers,Run,0.3434
2026-03-28,Jake Meyers,RBI,0.1443
2026-03-28,Jeremy Peña,HR,0.0725
2026-03-28,Jeremy Peña,Hit,0.5083
2026-03-28,Jeremy Peña,TB,0.2479
2026-03-28,Jeremy Peña,Run,0.3348
2026-03-28,Jeremy Peña,RBI,0.2379
2026-03-28,Joey Loperfido,HR,0.0819
2026-03-28,Joey Loperfido,Hit,0.5213
2026-03-28,Joey Loperfido,TB,0.225
2026-03-28,Joey Loperfido,Run,0.2852
2026-03-28,Joey Loperfido,RBI,0.2625
2026-03-28,Andrew Benintendi,HR,0.1267
2026-03-28,Andrew Benintendi,Hit,0.5141
2026-03-28,Andrew Benintendi,TB,0.2821
2026-03-28,Andrew Benintendi,Run,0.4199
2026-03-28,Andrew Benintendi,RBI,0.3569
2026-03-28,Austin Hays,HR,0.1028
2026-03-28,Austin Hays,Hit,0.5446
2026-03-28,Austin Hays,TB,0.2929
2026-03-28,Austin Hays,Run,0.437
2026-03-28,Austin Hays,RBI,0.3794
2026-03-28,Chase Meidroth,HR,0.0273
2026-03-28,Chase Meidroth,Hit,0.516
2026-03-28,Chase Meidroth,TB,0.198
2026-03-28,Chase Meidroth,Run,0.3224
2026-03-28,Chase Meidroth,RBI,0.126
2026-03-28,Colson Montgomery,HR,0.1952
2026-03-28,Colson Montgomery,Hit,0.4838
2026-03-28,Colson Montgomery,TB,0.3063
2026-03-28,Colson Montgomery,Run,0.4789
2026-03-28,Colson Montgomery,RBI,0.4464
2026-03-28,Derek Hill,HR,0.0504
2026-03-28,Derek Hill,Hit,0.4415
2026-03-28,Derek Hill,TB,0.1996
2026-03-28,Derek Hill,Run,0.3573
2026-03-28,Derek Hill,RBI,0.1882
2026-03-28,Edgar Quero,HR,0.0335
2026-03-28,Edgar Quero,Hit,0.5333
2026-03-28,Edgar Quero,TB,0.2319
2026-03-28,Edgar Quero,Run,0.2438
2026-03-28,Edgar Quero,RBI,0.2329
2026-03-28,Everson Pereira,HR,0.068
2026-03-28,Everson Pereira,Hit,0.2935
2026-03-28,Everson Pereira,TB,0.1208
2026-03-28,Everson Pereira,Run,0.3103
2026-03-28,Everson Pereira,RBI,0.2626
2026-03-28,Lenyn Sosa,HR,0.0944
2026-03-28,Lenyn Sosa,Hit,0.5075
2026-03-28,Lenyn Sosa,TB,0.2433
2026-03-28,Lenyn Sosa,Run,0.3086
2026-03-28,Lenyn Sosa,RBI,0.3111
2026-03-28,Luisangel Acuña,HR,0.0
2026-03-28,Luisangel Acuña,Hit,0.4409
2026-03-28,Luisangel Acuña,TB,0.1474
2026-03-28,Luisangel Acuña,Run,0.3717
2026-03-28,Luisangel Acuña,RBI,0.1006
2026-03-28,Blake Perkins,HR,0.0988
2026-03-28,Blake Perkins,Hit,0.7373
2026-03-28,Blake Perkins,TB,0.4562
2026-03-28,Blake Perkins,Run,0.6039
2026-03-28,Blake Perkins,RBI,0.4934
2026-03-28,Brandon Lockridge,HR,0.0
2026-03-28,Brandon Lockridge,Hit,0.741
2026-03-28,Brandon Lockridge,TB,0.4366
2026-03-28,Brandon Lockridge,Run,0.4781
2026-03-28,Brandon Lockridge,RBI,0.3564
2026-03-28,Brice Turang,HR,0.1454
2026-03-28,Brice Turang,Hit,0.8112
2026-03-28,Brice Turang,TB,0.5427
2026-03-28,Brice Turang,Run,0.6147
2026-03-28,Brice Turang,RBI,0.5212
2026-03-28,Christian Yelich,HR,0.2281
2026-03-28,Christian Yelich,Hit,0.7702
2026-03-28,Christian Yelich,TB,0.5018
2026-03-28,Christian Yelich,Run,0.6032
2026-03-28,Christian Yelich,RBI,0.6193
2026-03-28,David Hamilton,HR,0.1573
2026-03-28,David Hamilton,Hit,0.6596
2026-03-28,David Hamilton,TB,0.3728
2026-03-28,David Hamilton,Run,0.5801
2026-03-28,David Hamilton,RBI,0.4266
2026-03-28,Garrett Mitchell,HR,0.0
2026-03-28,Garrett Mitchell,Hit,0.64
2026-03-28,Garrett Mitchell,TB,0.373
2026-03-28,Garrett Mitchell,Run,0.4474
2026-03-28,Garrett Mitchell,RBI,0.1827
2026-03-28,Gary Sánchez,HR,0.2284
2026-03-28,Gary Sánchez,Hit,0.6937
2026-03-28,Gary Sánchez,TB,0.4144
2026-03-28,Gary Sánchez,Run,0.5525
2026-03-28,Gary Sánchez,RBI,0.6937
2026-03-28,Jake Bauers,HR,0.1522
2026-03-28,Jake Bauers,Hit,0.6678
2026-03-28,Jake Bauers,TB,0.4031
2026-03-28,Jake Bauers,Run,0.5253
2026-03-28,Jake Bauers,RBI,0.4947
2026-03-28,Jeferson Quero,HR,0.1373
2026-03-28,Jeferson Quero,Hit,0.7174
2026-03-28,Jeferson Quero,TB,0.4426
2026-03-28,Jeferson Quero,Run,0.4377
2026-03-28,Jeferson Quero,RBI,0.2561
2026-03-28,Bobby Witt Jr.,HR,0.078
2026-03-28,Bobby Witt Jr.,Hit,0.4806
2026-03-28,Bobby Witt Jr.,TB,0.2648
2026-03-28,Bobby Witt Jr.,Run,0.3758
2026-03-28,Bobby Witt Jr.,RBI,0.2602
2026-03-28,Carter Jensen,HR,0.0929
2026-03-28,Carter Jensen,Hit,0.4558
2026-03-28,Carter Jensen,TB,0.2756
2026-03-28,Carter Jensen,Run,0.4523
2026-03-28,Carter Jensen,RBI,0.3531
2026-03-28,Isaac Collins,HR,0.045
2026-03-28,Isaac Collins,Hit,0.4067
2026-03-28,Isaac Collins,TB,0.1933
2026-03-28,Isaac Collins,Run,0.3512
2026-03-28,Isaac Collins,RBI,0.2497
2026-03-28,Jac Caglianone,HR,0.0624
2026-03-28,Jac Caglianone,Hit,0.2716
2026-03-28,Jac Caglianone,TB,0.1349
2026-03-28,Jac Caglianone,Run,0.2421
2026-03-28,Jac Caglianone,RBI,0.1563
2026-03-28,Jonathan India,HR,0.0329
2026-03-28,Jonathan India,Hit,0.3606
2026-03-28,Jonathan India,TB,0.1611
2026-03-28,Jonathan India,Run,0.2883
2026-03-28,Jonathan India,RBI,0.1548
2026-03-28,Kyle Isbel,HR,0.0201
2026-03-28,Kyle Isbel,Hit,0.3937
2026-03-28,Kyle Isbel,TB,0.152
2026-03-28,Kyle Isbel,Run,0.2375
2026-03-28,Kyle Isbel,RBI,0.1512
2026-03-28,Lane Thomas,HR,0.0562
2026-03-28,Lane Thomas,Hit,0.2523
2026-03-28,Lane Thomas,TB,0.0958
2026-03-28,Lane Thomas,Run,0.2143
2026-03-28,Lane Thomas,RBI,0.1454
2026-03-28,Maikel Garcia,HR,0.045
2026-03-28,Maikel Garcia,Hit,0.4092
2026-03-28,Maikel Garcia,TB,0.1909
2026-03-28,Maikel Garcia,Run,0.2974
2026-03-28,Maikel Garcia,RBI,0.1981
2026-03-28,Nick Loftin,HR,0.0423
2026-03-28,Nick Loftin,Hit,0.3158
2026-03-28,Nick Loftin,TB,0.1583
2026-03-28,Nick Loftin,Run,0.2283
2026-03-28,Nick Loftin,RBI,0.1935
2026-03-28,Austin Riley,HR,0.084
2026-03-28,Austin Riley,Hit,0.4686
2026-03-28,Austin Riley,TB,0.2321
2026-03-28,Austin Riley,Run,0.3447
2026-03-28,Austin Riley,RBI,0.2607
2026-03-28,Dominic Smith,HR,0.0545
2026-03-28,Dominic Smith,Hit,0.4916
2026-03-28,Dominic Smith,TB,0.2329
2026-03-28,Dominic Smith,Run,0.3101
2026-03-28,Dominic Smith,RBI,0.3081
2026-03-28,Drake Baldwin,HR,0.0969
2026-03-28,Drake Baldwin,Hit,0.467
2026-03-28,Drake Baldwin,TB,0.2336
2026-03-28,Drake Baldwin,Run,0.3618
2026-03-28,Drake Baldwin,RBI,0.3564
2026-03-28,Eli White,HR,0.0837
2026-03-28,Eli White,Hit,0.4194
2026-03-28,Eli White,TB,0.2012
2026-03-28,Eli White,Run,0.379
2026-03-28,Eli White,RBI,0.2672
2026-03-28,Jonah Heim,HR,0.0559
2026-03-28,Jonah Heim,Hit,0.3735
2026-03-28,Jonah Heim,TB,0.1575
2026-03-28,Jonah Heim,Run,0.2596
2026-03-28,Jonah Heim,RBI,0.2062
2026-03-28,Jorge Mateo,HR,0.0261
2026-03-28,Jorge Mateo,Hit,0.3246
2026-03-28,Jorge Mateo,TB,0.1447
2026-03-28,Jorge Mateo,Run,0.271
2026-03-28,Jorge Mateo,RBI,0.0765
2026-03-28,Kyle Farmer,HR,0.0579
2026-03-28,Kyle Farmer,Hit,0.3785
2026-03-28,Kyle Farmer,TB,0.174
2026-03-28,Kyle Farmer,Run,0.2233
2026-03-28,Kyle Farmer,RBI,0.208
2026-03-28,Matt Olson,HR,0.0788
2026-03-28,Matt Olson,Hit,0.4006
2026-03-28,Matt Olson,TB,0.2037
2026-03-28,Matt Olson,Run,0.3553
2026-03-28,Matt Olson,RBI,0.2446
2026-03-28,Mauricio Dubón,HR,0.0384
2026-03-28,Mauricio Dubón,Hit,0.3879
2026-03-28,Mauricio Dubón,TB,0.1689
2026-03-28,Mauricio Dubón,Run,0.2572
2026-03-28,Mauricio Dubón,RBI,0.1641
2026-03-28,Aaron Judge,HR,0.1077
2026-03-28,Aaron Judge,Hit,0.3523
2026-03-28,Aaron Judge,TB,0.1905
2026-03-28,Aaron Judge,Run,0.4919
2026-03-28,Aaron Judge,RBI,0.2312
2026-03-28,Amed Rosario,HR,0.0458
2026-03-28,Amed Rosario,Hit,0.3633
2026-03-28,Amed Rosario,TB,0.1588
2026-03-28,Amed Rosario,Run,0.2217
2026-03-28,Amed Rosario,RBI,0.1811
2026-03-28,Austin Wells,HR,0.0611
2026-03-28,Austin Wells,Hit,0.2654
2026-03-28,Austin Wells,TB,0.145
2026-03-28,Austin Wells,Run,0.2643
2026-03-28,Austin Wells,RBI,0.2182
2026-03-28,Ben Rice,HR,0.0645
2026-03-28,Ben Rice,Hit,0.2959
2026-03-28,Ben Rice,TB,0.154
2026-03-28,Ben Rice,Run,0.3208
2026-03-28,Ben Rice,RBI,0.1672
2026-03-28,Cody Bellinger,HR,0.0597
2026-03-28,Cody Bellinger,Hit,0.3135
2026-03-28,Cody Bellinger,TB,0.1403
2026-03-28,Cody Bellinger,Run,0.2918
2026-03-28,Cody Bellinger,RBI,0.2007
2026-03-28,Giancarlo Stanton,HR,0.0992
2026-03-28,Giancarlo Stanton,Hit,0.2876
2026-03-28,Giancarlo Stanton,TB,0.1483
2026-03-28,Giancarlo Stanton,Run,0.3024
2026-03-28,Giancarlo Stanton,RBI,0.279
2026-03-28,J.C. Escarra,HR,0.0269
2026-03-28,J.C. Escarra,Hit,0.2274
2026-03-28,J.C. Escarra,TB,0.1054
2026-03-28,J.C. Escarra,Run,0.1394
2026-03-28,J.C. Escarra,RBI,0.1517
2026-03-28,Jazz Chisholm Jr.,HR,0.0631
2026-03-28,Jazz Chisholm Jr.,Hit,0.2517
2026-03-28,Jazz Chisholm Jr.,TB,0.1106
2026-03-28,Jazz Chisholm Jr.,Run,0.3148
2026-03-28,Jazz Chisholm Jr.,RBI,0.1838
2026-03-28,José Caballero,HR,0.0174
2026-03-28,José Caballero,Hit,0.252
2026-03-28,José Caballero,TB,0.0977
2026-03-28,José Caballero,Run,0.2969
2026-03-28,José Caballero,RBI,0.1292
2026-03-28,Casey Schmitt,HR,0.1422
2026-03-28,Casey Schmitt,Hit,0.6495
2026-03-28,Casey Schmitt,TB,0.389
2026-03-28,Casey Schmitt,Run,0.4327
2026-03-28,Casey Schmitt,RBI,0.4145
2026-03-28,Christian Koss,HR,0.0687
2026-03-28,Christian Koss,Hit,0.6997
2026-03-28,Christian Koss,TB,0.3973
2026-03-28,Christian Koss,Run,0.4904
2026-03-28,Christian Koss,RBI,0.4301
2026-03-28,Daniel Susac,HR,0.1215
2026-03-28,Daniel Susac,Hit,0.6646
2026-03-28,Daniel Susac,TB,0.3944
2026-03-28,Daniel Susac,Run,0.4109
2026-03-28,Daniel Susac,RBI,0.2345
2026-03-28,Harrison Bader,HR,0.133
2026-03-28,Harrison Bader,Hit,0.7022
2026-03-28,Harrison Bader,TB,0.4244
2026-03-28,Harrison Bader,Run,0.4797
2026-03-28,Harrison Bader,RBI,0.388
2026-03-28,Heliot Ramos,HR,0.114
2026-03-28,Heliot Ramos,Hit,0.6528
2026-03-28,Heliot Ramos,TB,0.3489
2026-03-28,Heliot Ramos,Run,0.4613
2026-03-28,Heliot Ramos,RBI,0.3492
2026-03-28,Jared Oliva,HR,0.1141
2026-03-28,Jared Oliva,Hit,0.6397
2026-03-28,Jared Oliva,TB,0.3684
2026-03-28,Jared Oliva,Run,0.3902
2026-03-28,Jared Oliva,RBI,0.2129
2026-03-28,Jerar Encarnacion,HR,0.127
2026-03-28,Jerar Encarnacion,Hit,0.564
2026-03-28,Jerar Encarnacion,TB,0.3389
2026-03-28,Jerar Encarnacion,Run,0.3616
2026-03-28,Jerar Encarnacion,RBI,0.3941
2026-03-28,Jung Hoo Lee,HR,0.0466
2026-03-28,Jung Hoo Lee,Hit,0.6597
2026-03-28,Jung Hoo Lee,TB,0.3817
2026-03-28,Jung Hoo Lee,Run,0.4034
2026-03-28,Jung Hoo Lee,RBI,0.3008
2026-03-28,Luis Arraez,HR,0.0452
2026-03-28,Luis Arraez,Hit,0.6871
2026-03-28,Luis Arraez,TB,0.3704
2026-03-28,Luis Arraez,Run,0.3457
2026-03-28,Luis Arraez,RBI,0.2994
2026-03-28,Colt Keith,HR,0.1005
2026-03-28,Colt Keith,Hit,0.5973
2026-03-28,Colt Keith,TB,0.3297
2026-03-28,Colt Keith,Run,0.4837
2026-03-28,Colt Keith,RBI,0.3042
2026-03-28,Dillon Dingler,HR,0.095
2026-03-28,Dillon Dingler,Hit,0.644
2026-03-28,Dillon Dingler,TB,0.3537
2026-03-28,Dillon Dingler,Run,0.4087
2026-03-28,Dillon Dingler,RBI,0.3659
2026-03-28,Gleyber Torres,HR,0.088
2026-03-28,Gleyber Torres,Hit,0.5708
2026-03-28,Gleyber Torres,TB,0.2819
2026-03-28,Gleyber Torres,Run,0.4407
2026-03-28,Gleyber Torres,RBI,0.3593
2026-03-28,Jahmai Jones,HR,0.1447
2026-03-28,Jahmai Jones,Hit,0.5977
2026-03-28,Jahmai Jones,TB,0.3985
2026-03-28,Jahmai Jones,Run,0.4786
2026-03-28,Jahmai Jones,RBI,0.4196
2026-03-28,Jake Rogers,HR,0.0702
2026-03-28,Jake Rogers,Hit,0.4322
2026-03-28,Jake Rogers,TB,0.2425
2026-03-28,Jake Rogers,Run,0.3534
2026-03-28,Jake Rogers,RBI,0.3699
2026-03-28,Javier Báez,HR,0.0783
2026-03-28,Javier Báez,Hit,0.5957
2026-03-28,Javier Báez,TB,0.3009
2026-03-28,Javier Báez,Run,0.3971
2026-03-28,Javier Báez,RBI,0.3678
2026-03-28,Kerry Carpenter,HR,0.1687
2026-03-28,Kerry Carpenter,Hit,0.5511
2026-03-28,Kerry Carpenter,TB,0.3324
2026-03-28,Kerry Carpenter,Run,0.446
2026-03-28,Kerry Carpenter,RBI,0.3608
2026-03-28,Kevin McGonigle,HR,0.0925
2026-03-28,Kevin McGonigle,Hit,0.5353
2026-03-28,Kevin McGonigle,TB,0.2756
2026-03-28,Kevin McGonigle,Run,0.3378
2026-03-28,Kevin McGonigle,RBI,0.1673
2026-03-28,Matt Vierling,HR,0.0297
2026-03-28,Matt Vierling,Hit,0.4956
2026-03-28,Matt Vierling,TB,0.1904
2026-03-28,Matt Vierling,Run,0.1913
2026-03-28,Matt Vierling,RBI,0.2942
2026-03-28,Bryce Johnson,HR,0.0639
2026-03-28,Bryce Johnson,Hit,0.8322
2026-03-28,Bryce Johnson,TB,0.5392
2026-03-28,Bryce Johnson,Run,0.4501
2026-03-28,Bryce Johnson,RBI,0.3866
2026-03-28,Fernando Tatis Jr.,HR,0.1727
2026-03-28,Fernando Tatis Jr.,Hit,0.71
2026-03-28,Fernando Tatis Jr.,TB,0.4423
2026-03-28,Fernando Tatis Jr.,Run,0.6055
2026-03-28,Fernando Tatis Jr.,RBI,0.3992
2026-03-28,Freddy Fermin,HR,0.0733
2026-03-28,Freddy Fermin,Hit,0.7009
2026-03-28,Freddy Fermin,TB,0.3861
2026-03-28,Freddy Fermin,Run,0.3928
2026-03-28,Freddy Fermin,RBI,0.3083
2026-03-28,Gavin Sheets,HR,0.1605
2026-03-28,Gavin Sheets,Hit,0.6908
2026-03-28,Gavin Sheets,TB,0.4423
2026-03-28,Gavin Sheets,Run,0.4622
2026-03-28,Gavin Sheets,RBI,0.4749
2026-03-28,Jackson Merrill,HR,0.1484
2026-03-28,Jackson Merrill,Hit,0.7006
2026-03-28,Jackson Merrill,TB,0.4568
2026-03-28,Jackson Merrill,Run,0.4933
2026-03-28,Jackson Merrill,RBI,0.4829
2026-03-28,Jake Cronenworth,HR,0.0933
2026-03-28,Jake Cronenworth,Hit,0.6158
2026-03-28,Jake Cronenworth,TB,0.3298
2026-03-28,Jake Cronenworth,Run,0.4541
2026-03-28,Jake Cronenworth,RBI,0.4075
2026-03-28,Luis Campusano,HR,0.1274
2026-03-28,Luis Campusano,Hit,0.6525
2026-03-28,Luis Campusano,TB,0.3816
2026-03-28,Luis Campusano,Run,0.4064
2026-03-28,Luis Campusano,RBI,0.2354
2026-03-28,Manny Machado,HR,0.165
2026-03-28,Manny Machado,Hit,0.6947
2026-03-28,Manny Machado,TB,0.4249
2026-03-28,Manny Machado,Run,0.5079
2026-03-28,Manny Machado,RBI,0.4677
2026-03-28,Miguel Andujar,HR,0.1212
2026-03-28,Miguel Andujar,Hit,0.7591
2026-03-28,Miguel Andujar,TB,0.4617
2026-03-28,Miguel Andujar,Run,0.4202
2026-03-28,Miguel Andujar,RBI,0.4265
2026-03-28,Alek Thomas,HR,0.0624
2026-03-28,Alek Thomas,Hit,0.555
2026-03-28,Alek Thomas,TB,0.2719
2026-03-28,Alek Thomas,Run,0.3519
2026-03-28,Alek Thomas,RBI,0.2326
2026-03-28,Carlos Santana,HR,0.0772
2026-03-28,Carlos Santana,Hit,0.4821
2026-03-28,Carlos Santana,TB,0.2038
2026-03-28,Carlos Santana,Run,0.3664
2026-03-28,Carlos Santana,RBI,0.3209
2026-03-28,Corbin Carroll,HR,0.1391
2026-03-28,Corbin Carroll,Hit,0.5143
2026-03-28,Corbin Carroll,TB,0.3424
2026-03-28,Corbin Carroll,Run,0.4964
2026-03-28,Corbin Carroll,RBI,0.3266
2026-03-28,Gabriel Moreno,HR,0.0887
2026-03-28,Gabriel Moreno,Hit,0.5741
2026-03-28,Gabriel Moreno,TB,0.2874
2026-03-28,Gabriel Moreno,Run,0.4355
2026-03-28,Gabriel Moreno,RBI,0.3398
2026-03-28,Geraldo Perdomo,HR,0.083
2026-03-28,Geraldo Perdomo,Hit,0.539
2026-03-28,Geraldo Perdomo,TB,0.2758
2026-03-28,Geraldo Perdomo,Run,0.4268
2026-03-28,Geraldo Perdomo,RBI,0.3516
2026-03-28,Ildemaro Vargas,HR,0.0738
2026-03-28,Ildemaro Vargas,Hit,0.565
2026-03-28,Ildemaro Vargas,TB,0.2414
2026-03-28,Ildemaro Vargas,Run,0.3085
2026-03-28,Ildemaro Vargas,RBI,0.3846
2026-03-28,James McCann,HR,0.1016
2026-03-28,James McCann,Hit,0.496
2026-03-28,James McCann,TB,0.253
2026-03-28,James McCann,Run,0.3775
2026-03-28,James McCann,RBI,0.3017
2026-03-28,Jordan Lawlar,HR,0.0
2026-03-28,Jordan Lawlar,Hit,0.3651
2026-03-28,Jordan Lawlar,TB,0.2378
2026-03-28,Jordan Lawlar,Run,0.3218
2026-03-28,Jordan Lawlar,RBI,0.1688
2026-03-28,Jorge Barrosa,HR,0.0373
2026-03-28,Jorge Barrosa,Hit,0.3075
2026-03-28,Jorge Barrosa,TB,0.1464
2026-03-28,Jorge Barrosa,Run,0.2754
2026-03-28,Jorge Barrosa,RBI,0.2242
2026-03-28,Alex Call,HR,0.0967
2026-03-28,Alex Call,Hit,0.7603
2026-03-28,Alex Call,TB,0.4717
2026-03-28,Alex Call,Run,0.5689
2026-03-28,Alex Call,RBI,0.4319
2026-03-28,Alex Freeland,HR,0.1128
2026-03-28,Alex Freeland,Hit,0.6237
2026-03-28,Alex Freeland,TB,0.3414
2026-03-28,Alex Freeland,Run,0.4679
2026-03-28,Alex Freeland,RBI,0.2897
2026-03-28,Andy Pages,HR,0.2219
2026-03-28,Andy Pages,Hit,0.7852
2026-03-28,Andy Pages,TB,0.5347
2026-03-28,Andy Pages,Run,0.5586
2026-03-28,Andy Pages,RBI,0.5503
2026-03-28,Dalton Rushing,HR,0.143
2026-03-28,Dalton Rushing,Hit,0.6675
2026-03-28,Dalton Rushing,TB,0.3786
2026-03-28,Dalton Rushing,Run,0.46
2026-03-28,Dalton Rushing,RBI,0.5874
2026-03-28,Freddie Freeman,HR,0.2019
2026-03-28,Freddie Freeman,Hit,0.7996
2026-03-28,Freddie Freeman,TB,0.5582
2026-03-28,Freddie Freeman,Run,0.5735
2026-03-28,Freddie Freeman,RBI,0.5595
2026-03-28,Kyle Tucker,HR,0.2011
2026-03-28,Kyle Tucker,Hit,0.7265
2026-03-28,Kyle Tucker,TB,0.4747
2026-03-28,Kyle Tucker,Run,0.6092
2026-03-28,Kyle Tucker,RBI,0.4924
2026-03-28,Max Muncy,HR,0.2393
2026-03-28,Max Muncy,Hit,0.6569
2026-03-28,Max Muncy,TB,0.417
2026-03-28,Max Muncy,Run,0.548
2026-03-28,Max Muncy,RBI,0.6072
2026-03-28,Miguel Rojas,HR,0.1169
2026-03-28,Miguel Rojas,Hit,0.7346
2026-03-28,Miguel Rojas,TB,0.4607
2026-03-28,Miguel Rojas,Run,0.4647
2026-03-28,Miguel Rojas,RBI,0.3581
2026-03-28,Mookie Betts,HR,0.1486
2026-03-28,Mookie Betts,Hit,0.7122
2026-03-28,Mookie Betts,TB,0.4099
2026-03-28,Mookie Betts,Run,0.5482
2026-03-28,Mookie Betts,RBI,0.4692
2026-03-28,Angel Martínez,HR,0.1094
2026-03-28,Angel Martínez,Hit,0.6637
2026-03-28,Angel Martínez,TB,0.3976
2026-03-28,Angel Martínez,Run,0.4765
2026-03-28,Angel Martínez,RBI,0.3738
2026-03-28,Austin Hedges,HR,0.1298
2026-03-28,Austin Hedges,Hit,0.5051
2026-03-28,Austin Hedges,TB,0.2503
2026-03-28,Austin Hedges,Run,0.3622
2026-03-28,Austin Hedges,RBI,0.2394
2026-03-28,Bo Naylor,HR,0.151
2026-03-28,Bo Naylor,Hit,0.5586
2026-03-28,Bo Naylor,TB,0.3741
2026-03-28,Bo Naylor,Run,0.4625
2026-03-28,Bo Naylor,RBI,0.4176
2026-03-28,Brayan Rocchio,HR,0.0624
2026-03-28,Brayan Rocchio,Hit,0.6394
2026-03-28,Brayan Rocchio,TB,0.3484
2026-03-28,Brayan Rocchio,Run,0.366
2026-03-28,Brayan Rocchio,RBI,0.4171
2026-03-28,CJ Kayfus,HR,0.1253
2026-03-28,CJ Kayfus,Hit,0.6032
2026-03-28,CJ Kayfus,TB,0.4171
2026-03-28,CJ Kayfus,Run,0.4571
2026-03-28,CJ Kayfus,RBI,0.4703
2026-03-28,Chase DeLauter,HR,0.1371
2026-03-28,Chase DeLauter,Hit,0.6642
2026-03-28,Chase DeLauter,TB,0.3956
2026-03-28,Chase DeLauter,Run,0.4139
2026-03-28,Chase DeLauter,RBI,0.2379
2026-03-28,Daniel Schneemann,HR,0.1192
2026-03-28,Daniel Schneemann,Hit,0.5657
2026-03-28,Daniel Schneemann,TB,0.3283
2026-03-28,Daniel Schneemann,Run,0.4351
2026-03-28,Daniel Schneemann,RBI,0.3465
2026-03-28,David Fry,HR,0.193
2026-03-28,David Fry,Hit,0.4956
2026-03-28,David Fry,TB,0.2954
2026-03-28,David Fry,Run,0.4218
2026-03-28,David Fry,RBI,0.4628
2026-03-28,Gabriel Arias,HR,0.0928
2026-03-28,Gabriel Arias,Hit,0.5823
2026-03-28,Gabriel Arias,TB,0.3395
2026-03-28,Gabriel Arias,Run,0.3562
2026-03-28,Gabriel Arias,RBI,0.3813
2026-03-28,Brendan Donovan,HR,0.0518
2026-03-28,Brendan Donovan,Hit,0.5778
2026-03-28,Brendan Donovan,TB,0.3007
2026-03-28,Brendan Donovan,Run,0.3824
2026-03-28,Brendan Donovan,RBI,0.2629
2026-03-28,Cal Raleigh,HR,0.2132
2026-03-28,Cal Raleigh,Hit,0.4765
2026-03-28,Cal Raleigh,TB,0.309
2026-03-28,Cal Raleigh,Run,0.5172
2026-03-28,Cal Raleigh,RBI,0.4174
2026-03-28,Cole Young,HR,0.0447
2026-03-28,Cole Young,Hit,0.4458
2026-03-28,Cole Young,TB,0.1779
2026-03-28,Cole Young,Run,0.3156
2026-03-28,Cole Young,RBI,0.2468
2026-03-28,Dominic Canzone,HR,0.1043
2026-03-28,Dominic Canzone,Hit,0.5594
2026-03-28,Dominic Canzone,TB,0.2773
2026-03-28,Dominic Canzone,Run,0.3595
2026-03-28,Dominic Canzone,RBI,0.2894
2026-03-28,Josh Naylor,HR,0.0868
2026-03-28,Josh Naylor,Hit,0.5592
2026-03-28,Josh Naylor,TB,0.278
2026-03-28,Josh Naylor,Run,0.3938
2026-03-28,Josh Naylor,RBI,0.3643
2026-03-28,Julio Rodríguez,HR,0.1135
2026-03-28,Julio Rodríguez,Hit,0.5082
2026-03-28,Julio Rodríguez,TB,0.2662
2026-03-28,Julio Rodríguez,Run,0.4131
2026-03-28,Julio Rodríguez,RBI,0.3114
2026-03-28,Leo Rivas,HR,0.0463
2026-03-28,Leo Rivas,Hit,0.4297
2026-03-28,Leo Rivas,TB,0.1496
2026-03-28,Leo Rivas,Run,0.4673
2026-03-28,Leo Rivas,RBI,0.2031
2026-03-28,Luke Raley,HR,0.042
2026-03-28,Luke Raley,Hit,0.3676
2026-03-28,Luke Raley,TB,0.1521
2026-03-28,Luke Raley,Run,0.3077
2026-03-28,Luke Raley,RBI,0.2
2026-03-28,Mitch Garver,HR,0.072
2026-03-28,Mitch Garver,Hit,0.3777
2026-03-28,Mitch Garver,TB,0.1524
2026-03-28,Mitch Garver,Run,0.3027
2026-03-28,Mitch Garver,RBI,0.2267
